<?xml version = '1.0' encoding = 'UTF-8'?>
<SchemaObject class="oracle.dbtools.crest.model.design.relational.SchemaObject" name="OE" id="AB99E18F-10A1-579F-F11A-EFD5EB37B0D7" directorySegmentName="seg_0">
   <createdBy>smharper</createdBy>
   <createdTime>2011-01-06 19:14:52 UTC</createdTime>
   <changedBy>smharper</changedBy>
   <changedTime>2011-01-06 19:14:52 UTC</changedTime>
   <ownerDesignName>OE</ownerDesignName>
   <importedID>C9009CCE-797F-9E3B-566A-38447C1C4075</importedID>
</SchemaObject>