<?xml version = '1.0' encoding = 'UTF-8'?>
<SchemaObject class="oracle.dbtools.crest.model.design.relational.SchemaObject" name="HR" id="1A5CE9BD-7795-B09D-0D62-14DBD4F43ED4" directorySegmentName="seg_0">
   <createdBy>smharper</createdBy>
   <createdTime>2011-01-06 19:13:47 UTC</createdTime>
   <changedBy>smharper</changedBy>
   <changedTime>2011-01-06 19:13:47 UTC</changedTime>
   <ownerDesignName>HR</ownerDesignName>
   <importedID>50237E50-1596-E0A0-5256-2484468D21B7</importedID>
</SchemaObject>