<?xml version = '1.0' encoding = 'UTF-8'?>
<FKIndexAssociation class="oracle.dbtools.crest.model.design.relational.FKIndexAssociation" id="36C05208-6E79-F913-61CA-E1BE8EE83079" directorySegmentName="seg_0" name="JHIST_JOB_FK">
   <createdBy>Administrator</createdBy>
   <createdTime>2009-06-20 11:00:24 UTC</createdTime>
   <changedBy>smharper</changedBy>
   <changedTime>2009-06-20 11:00:24 UTC</changedTime>
   <ownerDesignName>HR</ownerDesignName>
   <containerWithKeyObject>2F01554D-52FC-06CC-2354-41801BC283E7</containerWithKeyObject>
   <deleteRule>NO ACTION</deleteRule>
   <localFKIndex>986D2B83-ABB6-940A-DF6F-206CF42ED9E8</localFKIndex>
   <keyObject>CEAAE119-4DDB-B874-F2B2-772F21F1E461</keyObject>
   <mandatory>true</mandatory>
   <transferable>true</transferable>
</FKIndexAssociation>