<?xml version = '1.0' encoding = 'UTF-8'?>
<FKIndexAssociation class="oracle.dbtools.crest.model.design.relational.FKIndexAssociation" id="3C126847-8824-4E08-604E-24426112DB05" directorySegmentName="seg_0" name="EMP_DEPT_FK">
   <createdBy>Administrator</createdBy>
   <createdTime>2009-06-20 11:00:24 UTC</createdTime>
   <changedBy>smharper</changedBy>
   <changedTime>2009-06-20 11:00:24 UTC</changedTime>
   <ownerDesignName>HR</ownerDesignName>
   <containerWithKeyObject>909FCD0F-1410-A06B-AFFB-CAD20B687AFE</containerWithKeyObject>
   <deleteRule>NO ACTION</deleteRule>
   <localFKIndex>0E79B33A-7B24-CCC1-A51A-AF3E1F2D8AF7</localFKIndex>
   <keyObject>E2C865BE-4C27-129B-5EA0-573E01A7F111</keyObject>
   <mandatory>false</mandatory>
   <transferable>true</transferable>
</FKIndexAssociation>