<?xml version = '1.0' encoding = 'UTF-8'?>
<FKIndexAssociation class="oracle.dbtools.crest.model.design.relational.FKIndexAssociation" id="6D217E75-6BE9-D926-7A14-50B3102EBB76" directorySegmentName="seg_0" name="DEPT_MGR_FK">
   <createdBy>Administrator</createdBy>
   <createdTime>2009-06-20 11:00:25 UTC</createdTime>
   <changedBy>smharper</changedBy>
   <changedTime>2009-06-20 11:00:25 UTC</changedTime>
   <ownerDesignName>HR</ownerDesignName>
   <containerWithKeyObject>7EEDD746-F75D-AF7E-35E7-3316962DA22C</containerWithKeyObject>
   <deleteRule>NO ACTION</deleteRule>
   <localFKIndex>436AEC57-E365-B43A-5792-71D850741B87</localFKIndex>
   <keyObject>7E795149-D668-B171-91A2-2206F1FC2B15</keyObject>
   <mandatory>false</mandatory>
   <transferable>true</transferable>
</FKIndexAssociation>