<?xml version = '1.0' encoding = 'UTF-8'?>
<FKIndexAssociation class="oracle.dbtools.crest.model.design.relational.FKIndexAssociation" id="7128DFCD-8B32-8E43-0D31-D3B898210463" directorySegmentName="seg_0" name="DEPT_LOC_FK">
   <createdBy>Administrator</createdBy>
   <createdTime>2009-06-20 11:00:25 UTC</createdTime>
   <changedBy>smharper</changedBy>
   <changedTime>2009-06-20 11:00:25 UTC</changedTime>
   <ownerDesignName>HR</ownerDesignName>
   <containerWithKeyObject>7EEDD746-F75D-AF7E-35E7-3316962DA22C</containerWithKeyObject>
   <deleteRule>NO ACTION</deleteRule>
   <localFKIndex>87DCF14E-8DB0-38A1-646B-AB9711D43F86</localFKIndex>
   <keyObject>8BEA9465-8A9C-8234-2B8A-E633EE56DFB8</keyObject>
   <mandatory>false</mandatory>
   <transferable>true</transferable>
</FKIndexAssociation>