<?xml version = '1.0' encoding = 'UTF-8'?>
<DataTypesDesign class="oracle.dbtools.crest.model.design.datatypes.DataTypesDesign" name="DataTypes" id="0FAAA7CC-5DC5-73A9-AC21-0170C59E9D30" mainViewID="EFD64091-8827-4927-CD64-2E86ED1647BC">
   <createdBy>smharper</createdBy>
   <createdTime>2011-01-06 19:14:47 UTC</createdTime>
   <changedBy>smharper</changedBy>
   <changedTime>2011-01-06 19:14:47 UTC</changedTime>
   <ownerDesignName>OE</ownerDesignName>
   <shouldBeOpen>false</shouldBeOpen>
</DataTypesDesign>