<?xml version = '1.0' encoding = 'UTF-8'?>
<Table class="oracle.dbtools.crest.model.design.relational.Table" id="A70EC580-C328-E52D-CA16-FDB8D77BA7D7" directorySegmentName="seg_0" name="ORDERS">
   <createdBy>Administrator</createdBy>
   <createdTime>2008-11-20 16:11:38 UTC</createdTime>
   <changedBy>smharper</changedBy>
   <changedTime>2008-11-20 16:11:39 UTC</changedTime>
   <ownerDesignName>OE</ownerDesignName>
   <schemaObject>AB99E18F-10A1-579F-F11A-EFD5EB37B0D7</schemaObject>
   <pkName>ORDER_PK</pkName>
   <fonts>
      <FontObject class="oracle.dbtools.crest.model.design.FontObjectWr">
         <foType>Title</foType>
         <fontStyle>1</fontStyle>
         <colorRGB>-16776961</colorRGB>
      </FontObject>
      <FontObject class="oracle.dbtools.crest.model.design.FontObjectWr">
         <foType>Column</foType>
         <colorRGB>-16777216</colorRGB>
      </FontObject>
      <FontObject class="oracle.dbtools.crest.model.design.FontObjectWr">
         <foType>Datatype</foType>
         <colorRGB>-16744448</colorRGB>
      </FontObject>
      <FontObject class="oracle.dbtools.crest.model.design.FontObjectWr">
         <foType>PK Element</foType>
         <colorRGB>-16776961</colorRGB>
      </FontObject>
      <FontObject class="oracle.dbtools.crest.model.design.FontObjectWr">
         <foType>FK Element</foType>
         <colorRGB>-16777216</colorRGB>
      </FontObject>
      <FontObject class="oracle.dbtools.crest.model.design.FontObjectWr">
         <foType>UK Element</foType>
         <colorRGB>-16776961</colorRGB>
      </FontObject>
      <FontObject class="oracle.dbtools.crest.model.design.FontObjectWr">
         <foType>Not Null</foType>
         <colorRGB>-65536</colorRGB>
      </FontObject>
      <FontObject class="oracle.dbtools.crest.model.design.FontObjectWr">
         <foType>Key</foType>
         <colorRGB>-16777216</colorRGB>
      </FontObject>
   </fonts>
   <columns>
      <Column class="oracle.dbtools.crest.model.design.relational.Column" name="ORDER_ID" id="C30CA638-3056-F9CA-D348-59DC517E8CAB">
         <createdBy>Administrator</createdBy>
         <createdTime>2008-11-20 16:11:38 UTC</createdTime>
         <changedBy>Administrator</changedBy>
         <changedTime>2008-11-20 16:11:38 UTC</changedTime>
         <commentInRDBMS>PRIMARY KEY column.</commentInRDBMS>
         <ownerDesignName>OE</ownerDesignName>
         <use>1</use>
         <logicalDatatype>LOGDT019</logicalDatatype>
         <dataTypePrecision>12</dataTypePrecision>
      </Column>
      <Column class="oracle.dbtools.crest.model.design.relational.Column" name="ORDER_DATE" id="9CE5E811-008A-F5D7-3380-D5264EA0AEA9">
         <createdBy>Administrator</createdBy>
         <createdTime>2008-11-20 16:11:38 UTC</createdTime>
         <changedBy>Administrator</changedBy>
         <changedTime>2008-11-20 16:11:38 UTC</changedTime>
         <commentInRDBMS>TIMESTAMP WITH LOCAL TIME ZONE column, NOT NULL constraint.</commentInRDBMS>
         <ownerDesignName>OE</ownerDesignName>
         <use>1</use>
         <logicalDatatype>LOGDT047</logicalDatatype>
         <dataTypePrecision>6</dataTypePrecision>
      </Column>
      <Column class="oracle.dbtools.crest.model.design.relational.Column" name="ORDER_MODE" id="FC8D22B9-80A7-B3E3-7FE9-BB916B65F28C">
         <createdBy>Administrator</createdBy>
         <createdTime>2008-11-20 16:11:38 UTC</createdTime>
         <changedBy>Administrator</changedBy>
         <changedTime>2008-11-20 16:11:38 UTC</changedTime>
         <commentInRDBMS>CHECK constraint.</commentInRDBMS>
         <ownerDesignName>OE</ownerDesignName>
         <constraintName>ORDER_MODE_LOV</constraintName>
         <nullsAllowed>true</nullsAllowed>
         <useDomainConstraints>false</useDomainConstraints>
         <use>1</use>
         <logicalDatatype>LOGDT024</logicalDatatype>
         <dataTypeSize>8 BYTE</dataTypeSize>
         <checkConstraint>
            <implementationDef dbType="Oracle Database 10g" definition="order_mode in ('direct','online')"/>
         </checkConstraint>
      </Column>
      <Column class="oracle.dbtools.crest.model.design.relational.Column" name="CUSTOMER_ID" id="22F95B2C-2793-65CC-8B4C-F5A4D2C9691B">
         <createdBy>Administrator</createdBy>
         <createdTime>2008-11-20 16:11:38 UTC</createdTime>
         <changedBy>Administrator</changedBy>
         <changedTime>2008-11-20 16:11:38 UTC</changedTime>
         <ownerDesignName>OE</ownerDesignName>
         <use>1</use>
         <logicalDatatype>LOGDT019</logicalDatatype>
         <dataTypePrecision>6</dataTypePrecision>
         <delegate>AA2D0A34-9C2F-6732-0F15-3CE5097F65D5</delegate>
         <associations>
            <colAssociation fkAssociation="2827F084-E7D2-4036-3797-010255A11868" referredColumn="AA2D0A34-9C2F-6732-0F15-3CE5097F65D5"/>
         </associations>
      </Column>
      <Column class="oracle.dbtools.crest.model.design.relational.Column" name="ORDER_STATUS" id="CECE4DD7-804E-6680-DB0B-59DD194CAF1D">
         <createdBy>Administrator</createdBy>
         <createdTime>2008-11-20 16:11:38 UTC</createdTime>
         <changedBy>Administrator</changedBy>
         <changedTime>2008-11-20 16:11:38 UTC</changedTime>
         <commentInRDBMS>0: Not fully entered, 1: Entered, 2: Canceled - bad credit, -&amp;lt;br&amp;gt;3: Canceled - by customer, 4: Shipped - whole order, -&amp;lt;br&amp;gt;5: Shipped - replacement items, 6: Shipped - backlog on items, -&amp;lt;br&amp;gt;7: Shipped - special delivery, 8: Shipped - billed, 9: Shipped - payment plan,-&amp;lt;br&amp;gt;10: Shipped - paid</commentInRDBMS>
         <ownerDesignName>OE</ownerDesignName>
         <nullsAllowed>true</nullsAllowed>
         <use>1</use>
         <logicalDatatype>LOGDT019</logicalDatatype>
         <dataTypePrecision>2</dataTypePrecision>
      </Column>
      <Column class="oracle.dbtools.crest.model.design.relational.Column" name="ORDER_TOTAL" id="C28F6EB4-FCD3-CC78-9D14-20C8AA36B0C3">
         <createdBy>Administrator</createdBy>
         <createdTime>2008-11-20 16:11:38 UTC</createdTime>
         <changedBy>Administrator</changedBy>
         <changedTime>2008-11-20 16:11:38 UTC</changedTime>
         <commentInRDBMS>CHECK constraint.</commentInRDBMS>
         <ownerDesignName>OE</ownerDesignName>
         <constraintName>ORDER_TOTAL_MIN</constraintName>
         <nullsAllowed>true</nullsAllowed>
         <useDomainConstraints>false</useDomainConstraints>
         <use>1</use>
         <logicalDatatype>LOGDT019</logicalDatatype>
         <dataTypePrecision>8</dataTypePrecision>
         <dataTypeScale>2</dataTypeScale>
         <checkConstraint>
            <implementationDef dbType="Oracle Database 10g" definition="order_total >= 0"/>
         </checkConstraint>
      </Column>
      <Column class="oracle.dbtools.crest.model.design.relational.Column" name="SALES_REP_ID" id="6BC6E713-11AB-584D-4DBD-84F7C283B7B5">
         <createdBy>Administrator</createdBy>
         <createdTime>2008-11-20 16:11:38 UTC</createdTime>
         <changedBy>Administrator</changedBy>
         <changedTime>2008-11-20 16:11:38 UTC</changedTime>
         <commentInRDBMS>References hr.employees.employee_id.</commentInRDBMS>
         <ownerDesignName>OE</ownerDesignName>
         <nullsAllowed>true</nullsAllowed>
         <use>1</use>
         <logicalDatatype>LOGDT019</logicalDatatype>
         <dataTypePrecision>6</dataTypePrecision>
      </Column>
      <Column class="oracle.dbtools.crest.model.design.relational.Column" name="PROMOTION_ID" id="859DE9B6-F24A-ABA0-464F-D107B25332F8">
         <createdBy>Administrator</createdBy>
         <createdTime>2008-11-20 16:11:38 UTC</createdTime>
         <changedBy>Administrator</changedBy>
         <changedTime>2008-11-20 16:11:38 UTC</changedTime>
         <commentInRDBMS>Sales promotion ID. Used in SH schema</commentInRDBMS>
         <ownerDesignName>OE</ownerDesignName>
         <nullsAllowed>true</nullsAllowed>
         <use>1</use>
         <logicalDatatype>LOGDT019</logicalDatatype>
         <dataTypePrecision>6</dataTypePrecision>
      </Column>
   </columns>
   <indexes>
      <ind_PK_UK class="oracle.dbtools.crest.model.design.relational.Index" id="C682B4F5-AC9C-E9BE-BAD8-9F8501176DB8" name="ORDER_PK">
         <createdBy>Administrator</createdBy>
         <createdTime>2008-11-20 16:11:38 UTC</createdTime>
         <changedBy>Administrator</changedBy>
         <changedTime>2008-11-20 16:11:38 UTC</changedTime>
         <ownerDesignName>OE</ownerDesignName>
         <pk>true</pk>
         <indexState>Primary Constraint</indexState>
         <indexColumnUsage>
            <colUsage columnID="C30CA638-3056-F9CA-D348-59DC517E8CAB"/>
         </indexColumnUsage>
      </ind_PK_UK>
      <ind_PK_UK class="oracle.dbtools.crest.model.design.relational.Index" id="87AD4175-F269-6E2D-5FAE-B440507325F8" name="ORD_SALES_REP_IX">
         <createdBy>Administrator</createdBy>
         <createdTime>2008-11-20 16:11:38 UTC</createdTime>
         <changedBy>Administrator</changedBy>
         <changedTime>2008-11-20 16:11:38 UTC</changedTime>
         <ownerDesignName>OE</ownerDesignName>
         <indexColumnUsage>
            <colUsage columnID="6BC6E713-11AB-584D-4DBD-84F7C283B7B5"/>
         </indexColumnUsage>
      </ind_PK_UK>
      <ind_PK_UK class="oracle.dbtools.crest.model.design.relational.Index" id="03B44637-9030-9DA9-60C2-FEBFF8A3F13D" name="ORD_CUSTOMER_IX">
         <createdBy>Administrator</createdBy>
         <createdTime>2008-11-20 16:11:38 UTC</createdTime>
         <changedBy>Administrator</changedBy>
         <changedTime>2008-11-20 16:11:38 UTC</changedTime>
         <ownerDesignName>OE</ownerDesignName>
         <indexColumnUsage>
            <colUsage columnID="22F95B2C-2793-65CC-8B4C-F5A4D2C9691B"/>
         </indexColumnUsage>
      </ind_PK_UK>
      <ind_PK_UK class="oracle.dbtools.crest.model.design.relational.Index" id="423BCCD7-9AA9-0444-650A-65E47866DEEA" name="ORD_ORDER_DATE_IX">
         <createdBy>Administrator</createdBy>
         <createdTime>2008-11-20 16:11:38 UTC</createdTime>
         <changedBy>Administrator</changedBy>
         <changedTime>2008-11-20 16:11:38 UTC</changedTime>
         <ownerDesignName>OE</ownerDesignName>
         <indexColumnUsage>
            <colUsage columnID="9CE5E811-008A-F5D7-3380-D5264EA0AEA9"/>
         </indexColumnUsage>
      </ind_PK_UK>
      <ind_PK_UK class="oracle.dbtools.crest.model.design.relational.Index" id="FB4D5F18-87E8-8D94-8F08-A397FC03EEAC" name="ORDERS_CUSTOMER_ID_FK">
         <createdBy>Administrator</createdBy>
         <createdTime>2008-11-20 16:11:39 UTC</createdTime>
         <changedBy>Administrator</changedBy>
         <changedTime>2008-11-20 16:11:39 UTC</changedTime>
         <ownerDesignName>OE</ownerDesignName>
         <indexColumnUsage>
            <colUsage columnID="22F95B2C-2793-65CC-8B4C-F5A4D2C9691B"/>
         </indexColumnUsage>
      </ind_PK_UK>
   </indexes>
</Table>