<?xml version = '1.0' encoding = 'UTF-8'?>
<Table class="oracle.dbtools.crest.model.design.relational.Table" id="A813CABD-6658-B542-73D6-7E4C1F9D5023" directorySegmentName="seg_0" name="PURCHASEORDER">
   <createdBy>Administrator</createdBy>
   <createdTime>2008-11-20 16:11:38 UTC</createdTime>
   <changedBy>smharper</changedBy>
   <changedTime>2008-11-20 16:11:39 UTC</changedTime>
   <ownerDesignName>OE</ownerDesignName>
   <schemaObject>AB99E18F-10A1-579F-F11A-EFD5EB37B0D7</schemaObject>
   <pkName>Oid_PK_PURCHASEORDER</pkName>
   <fonts>
      <FontObject class="oracle.dbtools.crest.model.design.FontObjectWr">
         <foType>Title</foType>
         <fontStyle>1</fontStyle>
         <colorRGB>-16776961</colorRGB>
      </FontObject>
      <FontObject class="oracle.dbtools.crest.model.design.FontObjectWr">
         <foType>Column</foType>
         <colorRGB>-16777216</colorRGB>
      </FontObject>
      <FontObject class="oracle.dbtools.crest.model.design.FontObjectWr">
         <foType>Datatype</foType>
         <colorRGB>-16744448</colorRGB>
      </FontObject>
      <FontObject class="oracle.dbtools.crest.model.design.FontObjectWr">
         <foType>PK Element</foType>
         <colorRGB>-16776961</colorRGB>
      </FontObject>
      <FontObject class="oracle.dbtools.crest.model.design.FontObjectWr">
         <foType>FK Element</foType>
         <colorRGB>-16777216</colorRGB>
      </FontObject>
      <FontObject class="oracle.dbtools.crest.model.design.FontObjectWr">
         <foType>UK Element</foType>
         <colorRGB>-16776961</colorRGB>
      </FontObject>
      <FontObject class="oracle.dbtools.crest.model.design.FontObjectWr">
         <foType>Not Null</foType>
         <colorRGB>-65536</colorRGB>
      </FontObject>
      <FontObject class="oracle.dbtools.crest.model.design.FontObjectWr">
         <foType>Key</foType>
         <colorRGB>-16777216</colorRGB>
      </FontObject>
   </fonts>
   <columns>
      <Column class="oracle.dbtools.crest.model.design.relational.Column" name="Oid" id="8B115A64-E752-9EAE-9E0E-DF417BBA293E">
         <createdBy>Administrator</createdBy>
         <createdTime>2008-11-20 16:11:38 UTC</createdTime>
         <changedBy>Administrator</changedBy>
         <changedTime>2008-11-20 16:11:38 UTC</changedTime>
         <ownerDesignName>OE</ownerDesignName>
         <oid>true</oid>
         <use>1</use>
         <logicalDatatype>LOGDT032</logicalDatatype>
      </Column>
   </columns>
   <indexes>
      <ind_PK_UK class="oracle.dbtools.crest.model.design.relational.Index" id="EF743A0F-269C-7713-8C87-61BC071B032B" name="Oid_PK_PURCHASEORDER">
         <createdBy>Administrator</createdBy>
         <createdTime>2008-11-20 16:11:38 UTC</createdTime>
         <changedBy>Administrator</changedBy>
         <changedTime>2008-11-20 16:11:38 UTC</changedTime>
         <ownerDesignName>OE</ownerDesignName>
         <oidKey>true</oidKey>
         <pk>true</pk>
         <indexState>Primary Constraint</indexState>
         <indexColumnUsage>
            <colUsage columnID="8B115A64-E752-9EAE-9E0E-DF417BBA293E"/>
         </indexColumnUsage>
      </ind_PK_UK>
   </indexes>
</Table>