<?xml version = '1.0' encoding = 'UTF-8'?>
<UserOraclev10g class="oracle.dbtools.crest.model.design.storage.oracle.v10g.UserOraclev10g" name="OE" id="D6670C27-0286-8380-C2AB-1B6A7FDD2E54" directorySegmentName="seg_0">
   <createdBy>smharper</createdBy>
   <createdTime>2011-01-07 13:05:16 UTC</createdTime>
   <changedBy>smharper</changedBy>
   <changedTime>2011-01-07 13:05:16 UTC</changedTime>
   <ownerDesignName>OE</ownerDesignName>
   <schemaObject>AB99E18F-10A1-579F-F11A-EFD5EB37B0D7</schemaObject>
   <privileges>QUERY REWRITE, UNLIMITED TABLESPACE, CREATE SYNONYM, CREATE MATERIALIZED VIEW, CREATE DATABASE LINK, CREATE VIEW, CREATE SESSION</privileges>
   <profile>DEFAULT</profile>
</UserOraclev10g>