<?xml version = '1.0' encoding = 'UTF-8'?>
<relationalModel class="oracle.dbtools.crest.model.design.relational.RelationalDesign" name="HR_Relational Model" id="9B2E0AAA-36D4-8BD8-8387-40EAE964983C" mainViewID="9A51992E-6BEA-D7F6-B94A-B5623FEC14C7">
   <createdBy>smharper</createdBy>
   <createdTime>2011-01-06 19:13:42 UTC</createdTime>
   <changedBy>smharper</changedBy>
   <changedTime>2011-01-07 09:14:41 UTC</changedTime>
   <comment>Created for demonstration purposes. June 2009&amp;lt;br&amp;gt;Updated to .dmd format for Dat Modeler 3.0</comment>
   <ownerDesignName>HR</ownerDesignName>
   <shouldBeOpen>true</shouldBeOpen>
   <selectedRDBMSSite>32076570-2523-435C-2E92-BF29817DFF70</selectedRDBMSSite>
</relationalModel>