<?xml version = '1.0' encoding = 'UTF-8'?>
<StoredProcedureOraclev10g class="oracle.dbtools.crest.model.design.storage.oracle.v10g.StoredProcedureOraclev10g" name="secure_dml" id="083A2902-05FF-0115-1E78-9A00E254F8A5" directorySegmentName="seg_0">
   <createdBy>smharper</createdBy>
   <createdTime>2011-01-07 12:57:57 UTC</createdTime>
   <changedBy>smharper</changedBy>
   <changedTime>2011-01-07 12:57:57 UTC</changedTime>
   <ownerDesignName>HR</ownerDesignName>
   <owner>92207E35-11A8-9268-F77A-55B54E7AB125</owner>
   <source>CREATE OR REPLACE PROCEDURE HR.secure_dml&amp;lt;br&amp;gt;IS&amp;lt;br&amp;gt;BEGIN&amp;lt;br&amp;gt;  IF TO_CHAR (SYSDATE, &amp;apos;HH24:MI&amp;apos;) NOT BETWEEN &amp;apos;08:00&amp;apos; AND &amp;apos;18:00&amp;apos;&amp;lt;br&amp;gt;        OR TO_CHAR (SYSDATE, &amp;apos;DY&amp;apos;) IN (&amp;apos;SAT&amp;apos;, &amp;apos;SUN&amp;apos;) THEN&amp;lt;br&amp;gt;	RAISE_APPLICATION_ERROR (-20205,&amp;lt;br&amp;gt;		&amp;apos;You may only make changes during normal office hours&amp;apos;);&amp;lt;br&amp;gt;  END IF;&amp;lt;br&amp;gt;END secure_dml;</source>
   <body>CREATE OR REPLACE PROCEDURE HR.secure_dml&amp;lt;br&amp;gt;IS&amp;lt;br&amp;gt;BEGIN&amp;lt;br&amp;gt;  IF TO_CHAR (SYSDATE, &amp;apos;HH24:MI&amp;apos;) NOT BETWEEN &amp;apos;08:00&amp;apos; AND &amp;apos;18:00&amp;apos;&amp;lt;br&amp;gt;        OR TO_CHAR (SYSDATE, &amp;apos;DY&amp;apos;) IN (&amp;apos;SAT&amp;apos;, &amp;apos;SUN&amp;apos;) THEN&amp;lt;br&amp;gt;	RAISE_APPLICATION_ERROR (-20205,&amp;lt;br&amp;gt;		&amp;apos;You may only make changes during normal office hours&amp;apos;);&amp;lt;br&amp;gt;  END IF;&amp;lt;br&amp;gt;END secure_dml;</body>
</StoredProcedureOraclev10g>