<?xml version = '1.0' encoding = 'UTF-8'?>
<StoredProcedureOraclev10g class="oracle.dbtools.crest.model.design.storage.oracle.v10g.StoredProcedureOraclev10g" name="add_job_history" id="32E695BA-2210-7498-513E-0B863E74AA57" directorySegmentName="seg_0">
   <createdBy>smharper</createdBy>
   <createdTime>2011-01-07 12:57:57 UTC</createdTime>
   <changedBy>smharper</changedBy>
   <changedTime>2011-01-07 12:57:57 UTC</changedTime>
   <ownerDesignName>HR</ownerDesignName>
   <owner>92207E35-11A8-9268-F77A-55B54E7AB125</owner>
   <source>CREATE OR REPLACE PROCEDURE HR.add_job_history&amp;lt;br&amp;gt;  (  p_emp_id          job_history.employee_id%type&amp;lt;br&amp;gt;   , p_start_date      job_history.start_date%type&amp;lt;br&amp;gt;   , p_end_date        job_history.end_date%type&amp;lt;br&amp;gt;   , p_job_id          job_history.job_id%type&amp;lt;br&amp;gt;   , p_department_id   job_history.department_id%type&amp;lt;br&amp;gt;   )&amp;lt;br&amp;gt;IS&amp;lt;br&amp;gt;BEGIN&amp;lt;br&amp;gt;  INSERT INTO job_history (employee_id, start_date, end_date,&amp;lt;br&amp;gt;                           job_id, department_id)&amp;lt;br&amp;gt;    VALUES(p_emp_id, p_start_date, p_end_date, p_job_id, p_department_id);&amp;lt;br&amp;gt;END add_job_history;</source>
   <body>CREATE OR REPLACE PROCEDURE HR.add_job_history&amp;lt;br&amp;gt;  (  p_emp_id          job_history.employee_id%type&amp;lt;br&amp;gt;   , p_start_date      job_history.start_date%type&amp;lt;br&amp;gt;   , p_end_date        job_history.end_date%type&amp;lt;br&amp;gt;   , p_job_id          job_history.job_id%type&amp;lt;br&amp;gt;   , p_department_id   job_history.department_id%type&amp;lt;br&amp;gt;   )&amp;lt;br&amp;gt;IS&amp;lt;br&amp;gt;BEGIN&amp;lt;br&amp;gt;  INSERT INTO job_history (employee_id, start_date, end_date,&amp;lt;br&amp;gt;                           job_id, department_id)&amp;lt;br&amp;gt;    VALUES(p_emp_id, p_start_date, p_end_date, p_job_id, p_department_id);&amp;lt;br&amp;gt;END add_job_history;</body>
</StoredProcedureOraclev10g>