<?xml version = '1.0' encoding = 'UTF-8'?>
<Table class="oracle.dbtools.crest.model.design.relational.Table" id="21FFB2B6-7FE4-A57F-FFC1-A7C5D5442A2D" directorySegmentName="seg_0" name="REGIONS">
   <createdBy>Administrator</createdBy>
   <createdTime>2008-11-20 15:56:35 UTC</createdTime>
   <changedBy>smharper</changedBy>
   <changedTime>2008-11-20 15:56:37 UTC</changedTime>
   <ownerDesignName>HR</ownerDesignName>
   <schemaObject>1A5CE9BD-7795-B09D-0D62-14DBD4F43ED4</schemaObject>
   <pkName>REG_ID_PK</pkName>
   <fonts>
      <FontObject class="oracle.dbtools.crest.model.design.FontObjectWr">
         <foType>Title</foType>
         <fontStyle>1</fontStyle>
         <colorRGB>-16776961</colorRGB>
      </FontObject>
      <FontObject class="oracle.dbtools.crest.model.design.FontObjectWr">
         <foType>Column</foType>
         <colorRGB>-16777216</colorRGB>
      </FontObject>
      <FontObject class="oracle.dbtools.crest.model.design.FontObjectWr">
         <foType>Datatype</foType>
         <colorRGB>-16744448</colorRGB>
      </FontObject>
      <FontObject class="oracle.dbtools.crest.model.design.FontObjectWr">
         <foType>PK Element</foType>
         <colorRGB>-16776961</colorRGB>
      </FontObject>
      <FontObject class="oracle.dbtools.crest.model.design.FontObjectWr">
         <foType>FK Element</foType>
         <colorRGB>-16777216</colorRGB>
      </FontObject>
      <FontObject class="oracle.dbtools.crest.model.design.FontObjectWr">
         <foType>UK Element</foType>
         <colorRGB>-16776961</colorRGB>
      </FontObject>
      <FontObject class="oracle.dbtools.crest.model.design.FontObjectWr">
         <foType>Not Null</foType>
         <colorRGB>-65536</colorRGB>
      </FontObject>
      <FontObject class="oracle.dbtools.crest.model.design.FontObjectWr">
         <foType>Key</foType>
         <colorRGB>-16777216</colorRGB>
      </FontObject>
   </fonts>
   <columns>
      <Column class="oracle.dbtools.crest.model.design.relational.Column" name="REGION_ID" id="910A3D82-A333-8B10-57E3-BC00D21F048D">
         <createdBy>Administrator</createdBy>
         <createdTime>2008-11-20 15:56:36 UTC</createdTime>
         <changedBy>Administrator</changedBy>
         <changedTime>2008-11-20 15:56:36 UTC</changedTime>
         <ownerDesignName>HR</ownerDesignName>
         <use>1</use>
         <logicalDatatype>LOGDT019</logicalDatatype>
      </Column>
      <Column class="oracle.dbtools.crest.model.design.relational.Column" name="REGION_NAME" id="045C39CF-A61A-24AE-AE8B-8AFBAAD46B3B">
         <createdBy>Administrator</createdBy>
         <createdTime>2008-11-20 15:56:36 UTC</createdTime>
         <changedBy>Administrator</changedBy>
         <changedTime>2008-11-20 15:56:36 UTC</changedTime>
         <ownerDesignName>HR</ownerDesignName>
         <nullsAllowed>true</nullsAllowed>
         <use>1</use>
         <logicalDatatype>LOGDT024</logicalDatatype>
         <dataTypeSize>25 BYTE</dataTypeSize>
      </Column>
   </columns>
   <indexes>
      <ind_PK_UK class="oracle.dbtools.crest.model.design.relational.Index" id="06D8541D-7BEF-3162-50F1-3F7293886AB3" name="REG_ID_PK">
         <createdBy>Administrator</createdBy>
         <createdTime>2008-11-20 15:56:36 UTC</createdTime>
         <changedBy>Administrator</changedBy>
         <changedTime>2008-11-20 15:56:37 UTC</changedTime>
         <ownerDesignName>HR</ownerDesignName>
         <pk>true</pk>
         <indexState>Primary Constraint</indexState>
         <indexColumnUsage>
            <colUsage columnID="910A3D82-A333-8B10-57E3-BC00D21F048D"/>
         </indexColumnUsage>
      </ind_PK_UK>
   </indexes>
</Table>