<?xml version = '1.0' encoding = 'UTF-8'?>
<Table class="oracle.dbtools.crest.model.design.relational.Table" id="7EEDD746-F75D-AF7E-35E7-3316962DA22C" directorySegmentName="seg_0" name="DEPARTMENTS">
   <createdBy>Administrator</createdBy>
   <createdTime>2008-11-20 15:56:35 UTC</createdTime>
   <changedBy>smharper</changedBy>
   <changedTime>2008-11-20 15:56:37 UTC</changedTime>
   <ownerDesignName>HR</ownerDesignName>
   <schemaObject>1A5CE9BD-7795-B09D-0D62-14DBD4F43ED4</schemaObject>
   <pkName>DEPT_ID_PK</pkName>
   <fonts>
      <FontObject class="oracle.dbtools.crest.model.design.FontObjectWr">
         <foType>Title</foType>
         <fontStyle>1</fontStyle>
         <colorRGB>-16776961</colorRGB>
      </FontObject>
      <FontObject class="oracle.dbtools.crest.model.design.FontObjectWr">
         <foType>Column</foType>
         <colorRGB>-16777216</colorRGB>
      </FontObject>
      <FontObject class="oracle.dbtools.crest.model.design.FontObjectWr">
         <foType>Datatype</foType>
         <colorRGB>-16744448</colorRGB>
      </FontObject>
      <FontObject class="oracle.dbtools.crest.model.design.FontObjectWr">
         <foType>PK Element</foType>
         <colorRGB>-16776961</colorRGB>
      </FontObject>
      <FontObject class="oracle.dbtools.crest.model.design.FontObjectWr">
         <foType>FK Element</foType>
         <colorRGB>-16777216</colorRGB>
      </FontObject>
      <FontObject class="oracle.dbtools.crest.model.design.FontObjectWr">
         <foType>UK Element</foType>
         <colorRGB>-16776961</colorRGB>
      </FontObject>
      <FontObject class="oracle.dbtools.crest.model.design.FontObjectWr">
         <foType>Not Null</foType>
         <colorRGB>-65536</colorRGB>
      </FontObject>
      <FontObject class="oracle.dbtools.crest.model.design.FontObjectWr">
         <foType>Key</foType>
         <colorRGB>-16777216</colorRGB>
      </FontObject>
   </fonts>
   <columns>
      <Column class="oracle.dbtools.crest.model.design.relational.Column" name="DEPARTMENT_ID" id="8335C45E-8394-64DA-73F5-8BA3C6C79A90">
         <createdBy>Administrator</createdBy>
         <createdTime>2008-11-20 15:56:36 UTC</createdTime>
         <changedBy>Administrator</changedBy>
         <changedTime>2008-11-20 15:56:36 UTC</changedTime>
         <commentInRDBMS>Primary key column of departments table.</commentInRDBMS>
         <ownerDesignName>HR</ownerDesignName>
         <use>1</use>
         <logicalDatatype>LOGDT019</logicalDatatype>
         <dataTypePrecision>4</dataTypePrecision>
      </Column>
      <Column class="oracle.dbtools.crest.model.design.relational.Column" name="DEPARTMENT_NAME" id="F1CC72EC-ADF9-2983-EC98-6B643F43068E">
         <createdBy>Administrator</createdBy>
         <createdTime>2008-11-20 15:56:36 UTC</createdTime>
         <changedBy>Administrator</changedBy>
         <changedTime>2008-11-20 15:56:36 UTC</changedTime>
         <commentInRDBMS>A not null column that shows name of a department. Administration,&amp;lt;br&amp;gt;Marketing, Purchasing, Human Resources, Shipping, IT, Executive, Public&amp;lt;br&amp;gt;Relations, Sales, Finance, and Accounting. </commentInRDBMS>
         <ownerDesignName>HR</ownerDesignName>
         <use>1</use>
         <logicalDatatype>LOGDT024</logicalDatatype>
         <dataTypeSize>30 BYTE</dataTypeSize>
      </Column>
      <Column class="oracle.dbtools.crest.model.design.relational.Column" name="MANAGER_ID" id="CE48D17F-7D97-EC3C-E2B5-7D0A2E79D5F0">
         <createdBy>Administrator</createdBy>
         <createdTime>2008-11-20 15:56:36 UTC</createdTime>
         <changedBy>Administrator</changedBy>
         <changedTime>2008-11-20 15:56:36 UTC</changedTime>
         <commentInRDBMS>Manager_id of a department. Foreign key to employee_id column of employees table. The manager_id column of the employee table references this column.</commentInRDBMS>
         <ownerDesignName>HR</ownerDesignName>
         <nullsAllowed>true</nullsAllowed>
         <use>1</use>
         <logicalDatatype>LOGDT019</logicalDatatype>
         <dataTypePrecision>6</dataTypePrecision>
         <delegate>E820E265-F29B-283C-2859-7A14FFD8DD20</delegate>
         <associations>
            <colAssociation fkAssociation="6D217E75-6BE9-D926-7A14-50B3102EBB76" referredColumn="E820E265-F29B-283C-2859-7A14FFD8DD20"/>
         </associations>
      </Column>
      <Column class="oracle.dbtools.crest.model.design.relational.Column" name="LOCATION_ID" id="390FA7F9-88A4-9BA6-5624-FDA97ADBBB1D">
         <createdBy>Administrator</createdBy>
         <createdTime>2008-11-20 15:56:36 UTC</createdTime>
         <changedBy>Administrator</changedBy>
         <changedTime>2008-11-20 15:56:36 UTC</changedTime>
         <commentInRDBMS>Location id where a department is located. Foreign key to location_id column of locations table.</commentInRDBMS>
         <ownerDesignName>HR</ownerDesignName>
         <nullsAllowed>true</nullsAllowed>
         <use>1</use>
         <logicalDatatype>LOGDT019</logicalDatatype>
         <dataTypePrecision>4</dataTypePrecision>
         <delegate>052461E7-B84B-30E9-3DCE-08EFA8E0F375</delegate>
         <associations>
            <colAssociation fkAssociation="7128DFCD-8B32-8E43-0D31-D3B898210463" referredColumn="052461E7-B84B-30E9-3DCE-08EFA8E0F375"/>
         </associations>
      </Column>
   </columns>
   <indexes>
      <ind_PK_UK class="oracle.dbtools.crest.model.design.relational.Index" id="E2C865BE-4C27-129B-5EA0-573E01A7F111" name="DEPT_ID_PK">
         <createdBy>Administrator</createdBy>
         <createdTime>2008-11-20 15:56:36 UTC</createdTime>
         <changedBy>Administrator</changedBy>
         <changedTime>2008-11-20 15:56:36 UTC</changedTime>
         <ownerDesignName>HR</ownerDesignName>
         <pk>true</pk>
         <indexState>Primary Constraint</indexState>
         <indexColumnUsage>
            <colUsage columnID="8335C45E-8394-64DA-73F5-8BA3C6C79A90"/>
         </indexColumnUsage>
      </ind_PK_UK>
      <ind_PK_UK class="oracle.dbtools.crest.model.design.relational.Index" id="80DEF5EF-6DBB-03DD-CA34-25A86DE4092B" name="DEPT_LOCATION_IX">
         <createdBy>Administrator</createdBy>
         <createdTime>2008-11-20 15:56:36 UTC</createdTime>
         <changedBy>Administrator</changedBy>
         <changedTime>2008-11-20 15:56:36 UTC</changedTime>
         <ownerDesignName>HR</ownerDesignName>
         <indexColumnUsage>
            <colUsage columnID="390FA7F9-88A4-9BA6-5624-FDA97ADBBB1D"/>
         </indexColumnUsage>
      </ind_PK_UK>
      <ind_PK_UK class="oracle.dbtools.crest.model.design.relational.Index" id="87DCF14E-8DB0-38A1-646B-AB9711D43F86" name="DEPT_LOC_FK">
         <createdBy>Administrator</createdBy>
         <createdTime>2008-11-20 15:56:37 UTC</createdTime>
         <changedBy>Administrator</changedBy>
         <changedTime>2008-11-20 15:56:37 UTC</changedTime>
         <ownerDesignName>HR</ownerDesignName>
         <indexColumnUsage>
            <colUsage columnID="390FA7F9-88A4-9BA6-5624-FDA97ADBBB1D"/>
         </indexColumnUsage>
      </ind_PK_UK>
      <ind_PK_UK class="oracle.dbtools.crest.model.design.relational.Index" id="436AEC57-E365-B43A-5792-71D850741B87" name="DEPT_MGR_FK">
         <createdBy>Administrator</createdBy>
         <createdTime>2008-11-20 15:56:37 UTC</createdTime>
         <changedBy>Administrator</changedBy>
         <changedTime>2008-11-20 15:56:37 UTC</changedTime>
         <ownerDesignName>HR</ownerDesignName>
         <indexColumnUsage>
            <colUsage columnID="CE48D17F-7D97-EC3C-E2B5-7D0A2E79D5F0"/>
         </indexColumnUsage>
      </ind_PK_UK>
   </indexes>
</Table>