<?xml version = '1.0' encoding = 'UTF-8'?>
<Table class="oracle.dbtools.crest.model.design.relational.Table" id="909FCD0F-1410-A06B-AFFB-CAD20B687AFE" directorySegmentName="seg_0" name="EMPLOYEES">
   <createdBy>Administrator</createdBy>
   <createdTime>2008-11-20 15:56:35 UTC</createdTime>
   <changedBy>smharper</changedBy>
   <changedTime>2008-11-20 15:56:37 UTC</changedTime>
   <ownerDesignName>HR</ownerDesignName>
   <schemaObject>1A5CE9BD-7795-B09D-0D62-14DBD4F43ED4</schemaObject>
   <pkName>EMP_EMP_ID_PK</pkName>
   <fonts>
      <FontObject class="oracle.dbtools.crest.model.design.FontObjectWr">
         <foType>Title</foType>
         <fontStyle>1</fontStyle>
         <colorRGB>-16776961</colorRGB>
      </FontObject>
      <FontObject class="oracle.dbtools.crest.model.design.FontObjectWr">
         <foType>Column</foType>
         <colorRGB>-16777216</colorRGB>
      </FontObject>
      <FontObject class="oracle.dbtools.crest.model.design.FontObjectWr">
         <foType>Datatype</foType>
         <colorRGB>-16744448</colorRGB>
      </FontObject>
      <FontObject class="oracle.dbtools.crest.model.design.FontObjectWr">
         <foType>PK Element</foType>
         <colorRGB>-16776961</colorRGB>
      </FontObject>
      <FontObject class="oracle.dbtools.crest.model.design.FontObjectWr">
         <foType>FK Element</foType>
         <colorRGB>-16777216</colorRGB>
      </FontObject>
      <FontObject class="oracle.dbtools.crest.model.design.FontObjectWr">
         <foType>UK Element</foType>
         <colorRGB>-16776961</colorRGB>
      </FontObject>
      <FontObject class="oracle.dbtools.crest.model.design.FontObjectWr">
         <foType>Not Null</foType>
         <colorRGB>-65536</colorRGB>
      </FontObject>
      <FontObject class="oracle.dbtools.crest.model.design.FontObjectWr">
         <foType>Key</foType>
         <colorRGB>-16777216</colorRGB>
      </FontObject>
   </fonts>
   <columns>
      <Column class="oracle.dbtools.crest.model.design.relational.Column" name="EMPLOYEE_ID" id="E820E265-F29B-283C-2859-7A14FFD8DD20">
         <createdBy>Administrator</createdBy>
         <createdTime>2008-11-20 15:56:36 UTC</createdTime>
         <changedBy>Administrator</changedBy>
         <changedTime>2008-11-20 15:56:36 UTC</changedTime>
         <commentInRDBMS>Primary key of employees table.</commentInRDBMS>
         <ownerDesignName>HR</ownerDesignName>
         <use>1</use>
         <logicalDatatype>LOGDT019</logicalDatatype>
         <dataTypePrecision>6</dataTypePrecision>
      </Column>
      <Column class="oracle.dbtools.crest.model.design.relational.Column" name="FIRST_NAME" id="2C1EED50-4817-29DB-192B-3086CF5496ED">
         <createdBy>Administrator</createdBy>
         <createdTime>2008-11-20 15:56:36 UTC</createdTime>
         <changedBy>Administrator</changedBy>
         <changedTime>2008-11-20 15:56:36 UTC</changedTime>
         <commentInRDBMS>First name of the employee. A not null column.</commentInRDBMS>
         <ownerDesignName>HR</ownerDesignName>
         <nullsAllowed>true</nullsAllowed>
         <use>1</use>
         <logicalDatatype>LOGDT024</logicalDatatype>
         <dataTypeSize>20 BYTE</dataTypeSize>
      </Column>
      <Column class="oracle.dbtools.crest.model.design.relational.Column" name="LAST_NAME" id="8307F150-A483-684B-F61E-E2F778F40673">
         <createdBy>Administrator</createdBy>
         <createdTime>2008-11-20 15:56:36 UTC</createdTime>
         <changedBy>Administrator</changedBy>
         <changedTime>2008-11-20 15:56:36 UTC</changedTime>
         <commentInRDBMS>Last name of the employee. A not null column.</commentInRDBMS>
         <ownerDesignName>HR</ownerDesignName>
         <use>1</use>
         <logicalDatatype>LOGDT024</logicalDatatype>
         <dataTypeSize>25 BYTE</dataTypeSize>
      </Column>
      <Column class="oracle.dbtools.crest.model.design.relational.Column" name="EMAIL" id="781D3663-8B32-5848-F945-A5AF383C5582">
         <createdBy>Administrator</createdBy>
         <createdTime>2008-11-20 15:56:36 UTC</createdTime>
         <changedBy>Administrator</changedBy>
         <changedTime>2008-11-20 15:56:36 UTC</changedTime>
         <commentInRDBMS>Email id of the employee</commentInRDBMS>
         <ownerDesignName>HR</ownerDesignName>
         <use>1</use>
         <logicalDatatype>LOGDT024</logicalDatatype>
         <dataTypeSize>25 BYTE</dataTypeSize>
      </Column>
      <Column class="oracle.dbtools.crest.model.design.relational.Column" name="PHONE_NUMBER" id="44F10910-28AE-BB49-FC2F-05BE7C7EEDA8">
         <createdBy>Administrator</createdBy>
         <createdTime>2008-11-20 15:56:36 UTC</createdTime>
         <changedBy>Administrator</changedBy>
         <changedTime>2008-11-20 15:56:36 UTC</changedTime>
         <commentInRDBMS>Phone number of the employee; includes country code and area code</commentInRDBMS>
         <ownerDesignName>HR</ownerDesignName>
         <nullsAllowed>true</nullsAllowed>
         <use>1</use>
         <logicalDatatype>LOGDT024</logicalDatatype>
         <dataTypeSize>20 BYTE</dataTypeSize>
      </Column>
      <Column class="oracle.dbtools.crest.model.design.relational.Column" name="HIRE_DATE" id="40DF2CB7-65A7-37CA-78F1-3D4B5C4F2A63">
         <createdBy>Administrator</createdBy>
         <createdTime>2008-11-20 15:56:36 UTC</createdTime>
         <changedBy>Administrator</changedBy>
         <changedTime>2008-11-20 15:56:36 UTC</changedTime>
         <commentInRDBMS>Date when the employee started on this job. A not null column.</commentInRDBMS>
         <ownerDesignName>HR</ownerDesignName>
         <use>1</use>
         <logicalDatatype>LOGDT007</logicalDatatype>
      </Column>
      <Column class="oracle.dbtools.crest.model.design.relational.Column" name="JOB_ID" id="2D2F7AAE-C0ED-A6C2-92DA-6047B43EDF99">
         <createdBy>Administrator</createdBy>
         <createdTime>2008-11-20 15:56:36 UTC</createdTime>
         <changedBy>Administrator</changedBy>
         <changedTime>2008-11-20 15:56:36 UTC</changedTime>
         <commentInRDBMS>Current job of the employee; foreign key to job_id column of the&amp;lt;br&amp;gt;jobs table. A not null column.</commentInRDBMS>
         <ownerDesignName>HR</ownerDesignName>
         <use>1</use>
         <logicalDatatype>LOGDT024</logicalDatatype>
         <dataTypeSize>10 BYTE</dataTypeSize>
         <delegate>FA4DCA0A-E5B8-00B0-B509-CC8051E85105</delegate>
         <associations>
            <colAssociation fkAssociation="895DC9F7-B71F-39C3-AA12-A69FEF5F3B1E" referredColumn="FA4DCA0A-E5B8-00B0-B509-CC8051E85105"/>
         </associations>
      </Column>
      <Column class="oracle.dbtools.crest.model.design.relational.Column" name="SALARY" id="20EEF7E0-33F1-D7D3-5599-C3CA70708480">
         <createdBy>Administrator</createdBy>
         <createdTime>2008-11-20 15:56:36 UTC</createdTime>
         <changedBy>Administrator</changedBy>
         <changedTime>2008-11-20 15:56:36 UTC</changedTime>
         <commentInRDBMS>Monthly salary of the employee. Must be greater&amp;lt;br&amp;gt;than zero (enforced by constraint emp_salary_min)</commentInRDBMS>
         <ownerDesignName>HR</ownerDesignName>
         <constraintName>EMP_SALARY_MIN</constraintName>
         <nullsAllowed>true</nullsAllowed>
         <useDomainConstraints>false</useDomainConstraints>
         <use>1</use>
         <logicalDatatype>LOGDT019</logicalDatatype>
         <dataTypePrecision>8</dataTypePrecision>
         <dataTypeScale>2</dataTypeScale>
         <checkConstraint>
            <implementationDef dbType="Oracle Database 10g" definition="salary > 0"/>
         </checkConstraint>
      </Column>
      <Column class="oracle.dbtools.crest.model.design.relational.Column" name="COMMISSION_PCT" id="C7AC8217-DF64-5733-294F-E10CF7A63091">
         <createdBy>Administrator</createdBy>
         <createdTime>2008-11-20 15:56:36 UTC</createdTime>
         <changedBy>Administrator</changedBy>
         <changedTime>2008-11-20 15:56:36 UTC</changedTime>
         <commentInRDBMS>Commission percentage of the employee; Only employees in sales&amp;lt;br&amp;gt;department elgible for commission percentage</commentInRDBMS>
         <ownerDesignName>HR</ownerDesignName>
         <nullsAllowed>true</nullsAllowed>
         <use>1</use>
         <logicalDatatype>LOGDT019</logicalDatatype>
         <dataTypePrecision>2</dataTypePrecision>
         <dataTypeScale>2</dataTypeScale>
      </Column>
      <Column class="oracle.dbtools.crest.model.design.relational.Column" name="MANAGER_ID" id="BDC760CC-B3A0-7E25-242C-33F919322DF3">
         <createdBy>Administrator</createdBy>
         <createdTime>2008-11-20 15:56:36 UTC</createdTime>
         <changedBy>Administrator</changedBy>
         <changedTime>2008-11-20 15:56:36 UTC</changedTime>
         <commentInRDBMS>Manager id of the employee; has same domain as manager_id in&amp;lt;br&amp;gt;departments table. Foreign key to employee_id column of employees table.&amp;lt;br&amp;gt;(useful for reflexive joins and CONNECT BY query)</commentInRDBMS>
         <ownerDesignName>HR</ownerDesignName>
         <nullsAllowed>true</nullsAllowed>
         <use>1</use>
         <logicalDatatype>LOGDT019</logicalDatatype>
         <dataTypePrecision>6</dataTypePrecision>
         <delegate>E820E265-F29B-283C-2859-7A14FFD8DD20</delegate>
         <associations>
            <colAssociation fkAssociation="B71C6BFD-4EFA-5B2B-33D6-40E78B4AE541" referredColumn="E820E265-F29B-283C-2859-7A14FFD8DD20"/>
         </associations>
      </Column>
      <Column class="oracle.dbtools.crest.model.design.relational.Column" name="DEPARTMENT_ID" id="0E8F1006-29F7-D87A-FB84-B0A95A8BAB16">
         <createdBy>Administrator</createdBy>
         <createdTime>2008-11-20 15:56:36 UTC</createdTime>
         <changedBy>Administrator</changedBy>
         <changedTime>2008-11-20 15:56:36 UTC</changedTime>
         <commentInRDBMS>Department id where employee works; foreign key to department_id&amp;lt;br&amp;gt;column of the departments table</commentInRDBMS>
         <ownerDesignName>HR</ownerDesignName>
         <nullsAllowed>true</nullsAllowed>
         <use>1</use>
         <logicalDatatype>LOGDT019</logicalDatatype>
         <dataTypePrecision>4</dataTypePrecision>
         <delegate>8335C45E-8394-64DA-73F5-8BA3C6C79A90</delegate>
         <associations>
            <colAssociation fkAssociation="3C126847-8824-4E08-604E-24426112DB05" referredColumn="8335C45E-8394-64DA-73F5-8BA3C6C79A90"/>
         </associations>
      </Column>
   </columns>
   <indexes>
      <ind_PK_UK class="oracle.dbtools.crest.model.design.relational.Index" id="7E795149-D668-B171-91A2-2206F1FC2B15" name="EMP_EMP_ID_PK">
         <createdBy>Administrator</createdBy>
         <createdTime>2008-11-20 15:56:36 UTC</createdTime>
         <changedBy>Administrator</changedBy>
         <changedTime>2008-11-20 15:56:36 UTC</changedTime>
         <ownerDesignName>HR</ownerDesignName>
         <pk>true</pk>
         <indexState>Primary Constraint</indexState>
         <indexColumnUsage>
            <colUsage columnID="E820E265-F29B-283C-2859-7A14FFD8DD20"/>
         </indexColumnUsage>
      </ind_PK_UK>
      <ind_PK_UK class="oracle.dbtools.crest.model.design.relational.Index" id="3F12DCD6-5E78-C756-D452-506BBAD6BB79" name="EMP_EMAIL_UK">
         <createdBy>Administrator</createdBy>
         <createdTime>2008-11-20 15:56:36 UTC</createdTime>
         <changedBy>Administrator</changedBy>
         <changedTime>2008-11-20 15:56:36 UTC</changedTime>
         <ownerDesignName>HR</ownerDesignName>
         <indexState>Unique Constraint</indexState>
         <indexColumnUsage>
            <colUsage columnID="781D3663-8B32-5848-F945-A5AF383C5582"/>
         </indexColumnUsage>
      </ind_PK_UK>
      <ind_PK_UK class="oracle.dbtools.crest.model.design.relational.Index" id="62CFD609-1285-76CD-DAFD-9CD664229EBC" name="EMP_DEPARTMENT_IX">
         <createdBy>Administrator</createdBy>
         <createdTime>2008-11-20 15:56:36 UTC</createdTime>
         <changedBy>Administrator</changedBy>
         <changedTime>2008-11-20 15:56:36 UTC</changedTime>
         <ownerDesignName>HR</ownerDesignName>
         <indexColumnUsage>
            <colUsage columnID="0E8F1006-29F7-D87A-FB84-B0A95A8BAB16"/>
         </indexColumnUsage>
      </ind_PK_UK>
      <ind_PK_UK class="oracle.dbtools.crest.model.design.relational.Index" id="EBE6C7F8-1F77-500A-EE39-74DF825A7239" name="EMP_JOB_IX">
         <createdBy>Administrator</createdBy>
         <createdTime>2008-11-20 15:56:36 UTC</createdTime>
         <changedBy>Administrator</changedBy>
         <changedTime>2008-11-20 15:56:36 UTC</changedTime>
         <ownerDesignName>HR</ownerDesignName>
         <indexColumnUsage>
            <colUsage columnID="2D2F7AAE-C0ED-A6C2-92DA-6047B43EDF99"/>
         </indexColumnUsage>
      </ind_PK_UK>
      <ind_PK_UK class="oracle.dbtools.crest.model.design.relational.Index" id="68A7F438-4674-13F2-2D6B-B490E53E055F" name="EMP_MANAGER_IX">
         <createdBy>Administrator</createdBy>
         <createdTime>2008-11-20 15:56:36 UTC</createdTime>
         <changedBy>Administrator</changedBy>
         <changedTime>2008-11-20 15:56:36 UTC</changedTime>
         <ownerDesignName>HR</ownerDesignName>
         <indexColumnUsage>
            <colUsage columnID="BDC760CC-B3A0-7E25-242C-33F919322DF3"/>
         </indexColumnUsage>
      </ind_PK_UK>
      <ind_PK_UK class="oracle.dbtools.crest.model.design.relational.Index" id="9CD667FB-99DF-C33A-4713-30725D46A74E" name="EMP_NAME_IX">
         <createdBy>Administrator</createdBy>
         <createdTime>2008-11-20 15:56:36 UTC</createdTime>
         <changedBy>Administrator</changedBy>
         <changedTime>2008-11-20 15:56:36 UTC</changedTime>
         <ownerDesignName>HR</ownerDesignName>
         <indexColumnUsage>
            <colUsage columnID="8307F150-A483-684B-F61E-E2F778F40673"/>
            <colUsage columnID="2C1EED50-4817-29DB-192B-3086CF5496ED"/>
         </indexColumnUsage>
      </ind_PK_UK>
      <ind_PK_UK class="oracle.dbtools.crest.model.design.relational.Index" id="0E79B33A-7B24-CCC1-A51A-AF3E1F2D8AF7" name="EMP_DEPT_FK">
         <createdBy>Administrator</createdBy>
         <createdTime>2008-11-20 15:56:37 UTC</createdTime>
         <changedBy>Administrator</changedBy>
         <changedTime>2008-11-20 15:56:37 UTC</changedTime>
         <ownerDesignName>HR</ownerDesignName>
         <indexColumnUsage>
            <colUsage columnID="0E8F1006-29F7-D87A-FB84-B0A95A8BAB16"/>
         </indexColumnUsage>
      </ind_PK_UK>
      <ind_PK_UK class="oracle.dbtools.crest.model.design.relational.Index" id="2296F5F8-57FF-D0D7-495C-B2712315FE37" name="EMP_JOB_FK">
         <createdBy>Administrator</createdBy>
         <createdTime>2008-11-20 15:56:37 UTC</createdTime>
         <changedBy>Administrator</changedBy>
         <changedTime>2008-11-20 15:56:37 UTC</changedTime>
         <ownerDesignName>HR</ownerDesignName>
         <indexColumnUsage>
            <colUsage columnID="2D2F7AAE-C0ED-A6C2-92DA-6047B43EDF99"/>
         </indexColumnUsage>
      </ind_PK_UK>
      <ind_PK_UK class="oracle.dbtools.crest.model.design.relational.Index" id="D0EB44B3-0473-A14B-EC59-811C0CBD401F" name="EMP_MANAGER_FK">
         <createdBy>Administrator</createdBy>
         <createdTime>2008-11-20 15:56:37 UTC</createdTime>
         <changedBy>Administrator</changedBy>
         <changedTime>2008-11-20 15:56:37 UTC</changedTime>
         <ownerDesignName>HR</ownerDesignName>
         <indexColumnUsage>
            <colUsage columnID="BDC760CC-B3A0-7E25-242C-33F919322DF3"/>
         </indexColumnUsage>
      </ind_PK_UK>
   </indexes>
</Table>