<?xml version = '1.0' encoding = 'UTF-8'?>
<StructuredType class="oracle.dbtools.crest.model.design.datatypes.StructuredType" name="SDO_GEOMETRYv1" id="0FAAA7CC-5DC5-73A9-AC21-0170C59E9D30@StructuredType0" directorySegmentName="seg_0">
   <createdBy>Administrator</createdBy>
   <createdTime>2008-11-20 16:11:15 UTC</createdTime>
   <changedBy>smharper</changedBy>
   <changedTime>2008-11-20 16:11:35 UTC</changedTime>
   <ownerDesignName>OE</ownerDesignName>
   <visible>false</visible>
   <predefined>true</predefined>
   <final>false</final>
   <instantiable>true</instantiable>
   <fonts>
      <FontObject class="oracle.dbtools.crest.model.design.FontObjectWr">
         <foType>Title</foType>
         <fontStyle>1</fontStyle>
         <colorRGB>-16776961</colorRGB>
      </FontObject>
      <FontObject class="oracle.dbtools.crest.model.design.FontObjectWr">
         <foType>Attribute</foType>
         <colorRGB>-16777216</colorRGB>
      </FontObject>
      <FontObject class="oracle.dbtools.crest.model.design.FontObjectWr">
         <foType>Datatype</foType>
         <colorRGB>-16777056</colorRGB>
      </FontObject>
      <FontObject class="oracle.dbtools.crest.model.design.FontObjectWr">
         <foType>Method</foType>
         <colorRGB>-16777216</colorRGB>
      </FontObject>
      <FontObject class="oracle.dbtools.crest.model.design.FontObjectWr">
         <foType>Not Instantiable</foType>
         <colorRGB>-65536</colorRGB>
      </FontObject>
      <FontObject class="oracle.dbtools.crest.model.design.FontObjectWr">
         <foType>Mandatory</foType>
         <colorRGB>-65536</colorRGB>
      </FontObject>
   </fonts>
   <attributes>
      <Attribute class="oracle.dbtools.crest.model.design.datatypes.TypeElement" name="SDO_GTYPE" id="3D3BD7B1-9307-346D-E6CC-A5327634AEE7">
         <createdBy>Administrator</createdBy>
         <createdTime>2008-11-20 16:11:35 UTC</createdTime>
         <changedBy>Administrator</changedBy>
         <changedTime>2008-11-20 16:11:35 UTC</changedTime>
         <ownerDesignName>525_OE</ownerDesignName>
         <mandatory>false</mandatory>
         <precision>0</precision>
         <reference>false</reference>
         <scale>0</scale>
         <size>0</size>
         <type>LOGDT019</type>
      </Attribute>
      <Attribute class="oracle.dbtools.crest.model.design.datatypes.TypeElement" name="SDO_SRID" id="6A737063-8E4F-A299-038D-653B2844CAEE">
         <createdBy>Administrator</createdBy>
         <createdTime>2008-11-20 16:11:35 UTC</createdTime>
         <changedBy>Administrator</changedBy>
         <changedTime>2008-11-20 16:11:35 UTC</changedTime>
         <ownerDesignName>525_OE</ownerDesignName>
         <mandatory>false</mandatory>
         <precision>0</precision>
         <reference>false</reference>
         <scale>0</scale>
         <size>0</size>
         <type>LOGDT019</type>
      </Attribute>
      <Attribute class="oracle.dbtools.crest.model.design.datatypes.TypeElement" name="SDO_POINT" id="EEF0583E-BF7D-5815-5E8A-06122E7D8E8D">
         <createdBy>Administrator</createdBy>
         <createdTime>2008-11-20 16:11:35 UTC</createdTime>
         <changedBy>Administrator</changedBy>
         <changedTime>2008-11-20 16:11:35 UTC</changedTime>
         <ownerDesignName>525_OE</ownerDesignName>
         <mandatory>false</mandatory>
         <precision>0</precision>
         <reference>false</reference>
         <scale>0</scale>
         <size>0</size>
         <type>6DF3BB5D-DF2D-1E27-ABB7-0C111AF83A9C</type>
      </Attribute>
      <Attribute class="oracle.dbtools.crest.model.design.datatypes.TypeElement" name="SDO_ELEM_INFO" id="C341A4BA-9679-4814-A6AA-BE27703B187E">
         <createdBy>Administrator</createdBy>
         <createdTime>2008-11-20 16:11:35 UTC</createdTime>
         <changedBy>Administrator</changedBy>
         <changedTime>2008-11-20 16:11:35 UTC</changedTime>
         <ownerDesignName>525_OE</ownerDesignName>
         <mandatory>false</mandatory>
         <precision>0</precision>
         <reference>false</reference>
         <scale>0</scale>
         <size>0</size>
         <type>3B4D0CB4-2460-44D8-058C-E6D177C60F1A</type>
      </Attribute>
      <Attribute class="oracle.dbtools.crest.model.design.datatypes.TypeElement" name="SDO_ORDINATES" id="E2F5EAF6-ABA8-4A35-F62D-AD8CC3A9FDC3">
         <createdBy>Administrator</createdBy>
         <createdTime>2008-11-20 16:11:35 UTC</createdTime>
         <changedBy>Administrator</changedBy>
         <changedTime>2008-11-20 16:11:35 UTC</changedTime>
         <ownerDesignName>525_OE</ownerDesignName>
         <mandatory>false</mandatory>
         <precision>0</precision>
         <reference>false</reference>
         <scale>0</scale>
         <size>0</size>
         <type>13949CA9-7CD2-8B32-F127-9D8412906341</type>
      </Attribute>
   </attributes>
   <methods>
      <Method class="oracle.dbtools.crest.model.design.datatypes.Method" name="GET_GTYPE" id="6B2D8823-34A1-0F50-DF52-18D4F3A85DE8">
         <createdBy>Administrator</createdBy>
         <createdTime>2008-11-20 16:11:35 UTC</createdTime>
         <changedBy>Administrator</changedBy>
         <changedTime>2008-11-20 16:11:35 UTC</changedTime>
         <ownerDesignName>525_OE</ownerDesignName>
         <number>0</number>
         <returnValue class="oracle.dbtools.crest.model.design.datatypes.MethodParam" name="GET_GTYPE" id="null">
            <precision>0</precision>
            <reference>false</reference>
            <scale>0</scale>
            <size>0</size>
            <typeID>LOGDT019</typeID>
         </returnValue>
      </Method>
      <Method class="oracle.dbtools.crest.model.design.datatypes.Method" name="GET_DIMS" id="18011A7B-457F-B475-8676-4D5FF7718861">
         <createdBy>Administrator</createdBy>
         <createdTime>2008-11-20 16:11:35 UTC</createdTime>
         <changedBy>Administrator</changedBy>
         <changedTime>2008-11-20 16:11:35 UTC</changedTime>
         <ownerDesignName>525_OE</ownerDesignName>
         <number>0</number>
         <returnValue class="oracle.dbtools.crest.model.design.datatypes.MethodParam" name="GET_DIMS" id="null">
            <precision>0</precision>
            <reference>false</reference>
            <scale>0</scale>
            <size>0</size>
            <typeID>LOGDT019</typeID>
         </returnValue>
      </Method>
      <Method class="oracle.dbtools.crest.model.design.datatypes.Method" name="GET_LRS_DIM" id="4AD8E1D3-E1B0-0281-5EF8-3F4363E2451B">
         <createdBy>Administrator</createdBy>
         <createdTime>2008-11-20 16:11:35 UTC</createdTime>
         <changedBy>Administrator</changedBy>
         <changedTime>2008-11-20 16:11:35 UTC</changedTime>
         <ownerDesignName>525_OE</ownerDesignName>
         <number>0</number>
         <returnValue class="oracle.dbtools.crest.model.design.datatypes.MethodParam" name="GET_LRS_DIM" id="null">
            <precision>0</precision>
            <reference>false</reference>
            <scale>0</scale>
            <size>0</size>
            <typeID>LOGDT019</typeID>
         </returnValue>
      </Method>
      <Method class="oracle.dbtools.crest.model.design.datatypes.Method" name="GET_WKB" id="ED3C23FD-E0B9-110B-461A-672CDC8D4AC6">
         <createdBy>Administrator</createdBy>
         <createdTime>2008-11-20 16:11:35 UTC</createdTime>
         <changedBy>Administrator</changedBy>
         <changedTime>2008-11-20 16:11:35 UTC</changedTime>
         <ownerDesignName>525_OE</ownerDesignName>
         <number>0</number>
         <returnValue class="oracle.dbtools.crest.model.design.datatypes.MethodParam" name="GET_WKB" id="null">
            <precision>0</precision>
            <reference>false</reference>
            <scale>0</scale>
            <size>0</size>
            <typeID>LOGDT029</typeID>
         </returnValue>
      </Method>
      <Method class="oracle.dbtools.crest.model.design.datatypes.Method" name="GET_WKT" id="1F2AEC7F-CE66-8C17-1CC2-3E09F1DB627F">
         <createdBy>Administrator</createdBy>
         <createdTime>2008-11-20 16:11:35 UTC</createdTime>
         <changedBy>Administrator</changedBy>
         <changedTime>2008-11-20 16:11:35 UTC</changedTime>
         <ownerDesignName>525_OE</ownerDesignName>
         <number>0</number>
         <returnValue class="oracle.dbtools.crest.model.design.datatypes.MethodParam" name="GET_WKT" id="null">
            <precision>0</precision>
            <reference>false</reference>
            <scale>0</scale>
            <size>0</size>
            <typeID>LOGDT028</typeID>
         </returnValue>
      </Method>
      <Method class="oracle.dbtools.crest.model.design.datatypes.Method" name="ST_COORDDIM" id="9ACB599C-AADD-BC0A-878C-E15AB4787B9D">
         <createdBy>Administrator</createdBy>
         <createdTime>2008-11-20 16:11:35 UTC</createdTime>
         <changedBy>Administrator</changedBy>
         <changedTime>2008-11-20 16:11:35 UTC</changedTime>
         <ownerDesignName>525_OE</ownerDesignName>
         <number>0</number>
         <returnValue class="oracle.dbtools.crest.model.design.datatypes.MethodParam" name="ST_COORDDIM" id="null">
            <precision>0</precision>
            <reference>false</reference>
            <scale>0</scale>
            <size>0</size>
            <typeID>LOGDT018</typeID>
         </returnValue>
      </Method>
      <Method class="oracle.dbtools.crest.model.design.datatypes.Method" name="ST_ISVALID" id="026723C2-43DC-12F7-B1B3-C84B72EEC358">
         <createdBy>Administrator</createdBy>
         <createdTime>2008-11-20 16:11:35 UTC</createdTime>
         <changedBy>Administrator</changedBy>
         <changedTime>2008-11-20 16:11:35 UTC</changedTime>
         <ownerDesignName>525_OE</ownerDesignName>
         <number>0</number>
         <returnValue class="oracle.dbtools.crest.model.design.datatypes.MethodParam" name="ST_ISVALID" id="null">
            <precision>0</precision>
            <reference>false</reference>
            <scale>0</scale>
            <size>0</size>
            <typeID>LOGDT011</typeID>
         </returnValue>
      </Method>
      <Method class="oracle.dbtools.crest.model.design.datatypes.Method" name="SDO_GEOMETRY" id="8BD152DD-64C0-F8BD-9932-726CC61B140C">
         <createdBy>Administrator</createdBy>
         <createdTime>2008-11-20 16:11:35 UTC</createdTime>
         <changedBy>Administrator</changedBy>
         <changedTime>2008-11-20 16:11:35 UTC</changedTime>
         <ownerDesignName>525_OE</ownerDesignName>
         <constructor>true</constructor>
         <number>0</number>
         <returnValue class="oracle.dbtools.crest.model.design.datatypes.MethodParam" name="SDO_GEOMETRY" id="null">
            <precision>0</precision>
            <reference>false</reference>
            <scale>0</scale>
            <size>0</size>
            <typeID>0FAAA7CC-5DC5-73A9-AC21-0170C59E9D30@StructuredType0</typeID>
         </returnValue>
         <parameters>
            <Parameter class="oracle.dbtools.crest.model.design.datatypes.MethodParam" name="WKT" id="77900EF3-F8A0-27B2-18CA-32B53F0456BB">
               <precision>0</precision>
               <reference>false</reference>
               <scale>0</scale>
               <size>0</size>
               <typeID>LOGDT028</typeID>
            </Parameter>
            <Parameter class="oracle.dbtools.crest.model.design.datatypes.MethodParam" name="SRID" id="0E38D1E2-CFFA-44F9-40FD-A1D6B9853D8A">
               <precision>0</precision>
               <reference>false</reference>
               <scale>0</scale>
               <size>0</size>
               <typeID>LOGDT011</typeID>
            </Parameter>
         </parameters>
      </Method>
      <Method class="oracle.dbtools.crest.model.design.datatypes.Method" name="SDO_GEOMETRY" id="81626CDE-BF84-BFCD-6779-FE280BFBBF32">
         <createdBy>Administrator</createdBy>
         <createdTime>2008-11-20 16:11:35 UTC</createdTime>
         <changedBy>Administrator</changedBy>
         <changedTime>2008-11-20 16:11:35 UTC</changedTime>
         <ownerDesignName>525_OE</ownerDesignName>
         <constructor>true</constructor>
         <number>0</number>
         <parameters>
            <Parameter class="oracle.dbtools.crest.model.design.datatypes.MethodParam" name="WKT" id="052DB4CD-4DA2-A63B-DCFD-ED1CE0F475E3">
               <precision>0</precision>
               <reference>false</reference>
               <scale>0</scale>
               <size>0</size>
               <typeID>LOGDT024</typeID>
            </Parameter>
            <Parameter class="oracle.dbtools.crest.model.design.datatypes.MethodParam" name="SRID" id="B2403EEC-AA0F-719E-5391-CD97A394A5EB">
               <precision>0</precision>
               <reference>false</reference>
               <scale>0</scale>
               <size>0</size>
               <typeID>LOGDT011</typeID>
            </Parameter>
         </parameters>
      </Method>
      <Method class="oracle.dbtools.crest.model.design.datatypes.Method" name="SDO_GEOMETRY" id="277E7446-325F-F953-00AF-9F833E0D023C">
         <createdBy>Administrator</createdBy>
         <createdTime>2008-11-20 16:11:35 UTC</createdTime>
         <changedBy>Administrator</changedBy>
         <changedTime>2008-11-20 16:11:35 UTC</changedTime>
         <ownerDesignName>525_OE</ownerDesignName>
         <constructor>true</constructor>
         <number>0</number>
         <parameters>
            <Parameter class="oracle.dbtools.crest.model.design.datatypes.MethodParam" name="WKB" id="4E90444E-13E1-39B9-7508-21F1CACC1EE9">
               <precision>0</precision>
               <reference>false</reference>
               <scale>0</scale>
               <size>0</size>
               <typeID>LOGDT029</typeID>
            </Parameter>
            <Parameter class="oracle.dbtools.crest.model.design.datatypes.MethodParam" name="SRID" id="8766BA31-4BB4-46D4-8BF4-F40DCAB1480A">
               <precision>0</precision>
               <reference>false</reference>
               <scale>0</scale>
               <size>0</size>
               <typeID>LOGDT011</typeID>
            </Parameter>
         </parameters>
      </Method>
   </methods>
</StructuredType>