<?xml version = '1.0' encoding = 'UTF-8'?>
<StructuredType class="oracle.dbtools.crest.model.design.datatypes.StructuredType" name="SDO_POINT_TYPE" id="6DF3BB5D-DF2D-1E27-ABB7-0C111AF83A9C" directorySegmentName="seg_0">
   <createdBy>Administrator</createdBy>
   <createdTime>2008-11-20 16:11:34 UTC</createdTime>
   <changedBy>smharper</changedBy>
   <changedTime>2008-11-20 16:11:35 UTC</changedTime>
   <ownerDesignName>OE</ownerDesignName>
   <predefined>true</predefined>
   <final>false</final>
   <instantiable>true</instantiable>
   <fonts>
      <FontObject class="oracle.dbtools.crest.model.design.FontObjectWr">
         <foType>Title</foType>
         <fontStyle>1</fontStyle>
         <colorRGB>-16776961</colorRGB>
      </FontObject>
      <FontObject class="oracle.dbtools.crest.model.design.FontObjectWr">
         <foType>Attribute</foType>
         <colorRGB>-16777216</colorRGB>
      </FontObject>
      <FontObject class="oracle.dbtools.crest.model.design.FontObjectWr">
         <foType>Datatype</foType>
         <colorRGB>-16777056</colorRGB>
      </FontObject>
      <FontObject class="oracle.dbtools.crest.model.design.FontObjectWr">
         <foType>Method</foType>
         <colorRGB>-16777216</colorRGB>
      </FontObject>
      <FontObject class="oracle.dbtools.crest.model.design.FontObjectWr">
         <foType>Not Instantiable</foType>
         <colorRGB>-65536</colorRGB>
      </FontObject>
      <FontObject class="oracle.dbtools.crest.model.design.FontObjectWr">
         <foType>Mandatory</foType>
         <colorRGB>-65536</colorRGB>
      </FontObject>
   </fonts>
   <attributes>
      <Attribute class="oracle.dbtools.crest.model.design.datatypes.TypeElement" name="X" id="417DBE8B-AB51-FC0E-4789-57BABF6C0FD0">
         <createdBy>Administrator</createdBy>
         <createdTime>2008-11-20 16:11:35 UTC</createdTime>
         <changedBy>Administrator</changedBy>
         <changedTime>2008-11-20 16:11:35 UTC</changedTime>
         <ownerDesignName>525_OE</ownerDesignName>
         <mandatory>false</mandatory>
         <precision>0</precision>
         <reference>false</reference>
         <scale>0</scale>
         <size>0</size>
         <type>LOGDT019</type>
      </Attribute>
      <Attribute class="oracle.dbtools.crest.model.design.datatypes.TypeElement" name="Y" id="7D343139-F7D8-DA2B-1CF8-581090362764">
         <createdBy>Administrator</createdBy>
         <createdTime>2008-11-20 16:11:35 UTC</createdTime>
         <changedBy>Administrator</changedBy>
         <changedTime>2008-11-20 16:11:35 UTC</changedTime>
         <ownerDesignName>525_OE</ownerDesignName>
         <mandatory>false</mandatory>
         <precision>0</precision>
         <reference>false</reference>
         <scale>0</scale>
         <size>0</size>
         <type>LOGDT019</type>
      </Attribute>
      <Attribute class="oracle.dbtools.crest.model.design.datatypes.TypeElement" name="Z" id="6D6B360C-8DB3-0AE8-49E6-E0CCBC52E5D0">
         <createdBy>Administrator</createdBy>
         <createdTime>2008-11-20 16:11:35 UTC</createdTime>
         <changedBy>Administrator</changedBy>
         <changedTime>2008-11-20 16:11:35 UTC</changedTime>
         <ownerDesignName>525_OE</ownerDesignName>
         <mandatory>false</mandatory>
         <precision>0</precision>
         <reference>false</reference>
         <scale>0</scale>
         <size>0</size>
         <type>LOGDT019</type>
      </Attribute>
   </attributes>
</StructuredType>