<?xml version = '1.0' encoding = 'UTF-8'?>
<StructuredType class="oracle.dbtools.crest.model.design.datatypes.StructuredType" name="LEAF_CATEGORY_TYP" id="935574B9-FE76-EBDB-4455-E7BA6B34213A" directorySegmentName="seg_0">
   <createdBy>Administrator</createdBy>
   <createdTime>2008-11-20 16:11:34 UTC</createdTime>
   <changedBy>smharper</changedBy>
   <changedTime>2008-11-20 16:11:35 UTC</changedTime>
   <ownerDesignName>OE</ownerDesignName>
   <predefined>false</predefined>
   <final>true</final>
   <inheritanceRelation>745D2D1D-3C34-A5D3-131F-1D6DFF8429D6</inheritanceRelation>
   <instantiable>true</instantiable>
   <parentTypeID>474D6FCB-A77F-4356-E491-2C454AD2E444</parentTypeID>
   <fonts>
      <FontObject class="oracle.dbtools.crest.model.design.FontObjectWr">
         <foType>Title</foType>
         <fontStyle>1</fontStyle>
         <colorRGB>-16776961</colorRGB>
      </FontObject>
      <FontObject class="oracle.dbtools.crest.model.design.FontObjectWr">
         <foType>Attribute</foType>
         <colorRGB>-16777216</colorRGB>
      </FontObject>
      <FontObject class="oracle.dbtools.crest.model.design.FontObjectWr">
         <foType>Datatype</foType>
         <colorRGB>-16777056</colorRGB>
      </FontObject>
      <FontObject class="oracle.dbtools.crest.model.design.FontObjectWr">
         <foType>Method</foType>
         <colorRGB>-16777216</colorRGB>
      </FontObject>
      <FontObject class="oracle.dbtools.crest.model.design.FontObjectWr">
         <foType>Not Instantiable</foType>
         <colorRGB>-65536</colorRGB>
      </FontObject>
      <FontObject class="oracle.dbtools.crest.model.design.FontObjectWr">
         <foType>Mandatory</foType>
         <colorRGB>-65536</colorRGB>
      </FontObject>
   </fonts>
   <attributes>
      <Attribute class="oracle.dbtools.crest.model.design.datatypes.TypeElement" name="PRODUCT_REF_LIST" id="61DC2244-1C7A-9D31-1320-6FE8E4792093">
         <createdBy>Administrator</createdBy>
         <createdTime>2008-11-20 16:11:35 UTC</createdTime>
         <changedBy>Administrator</changedBy>
         <changedTime>2008-11-20 16:11:35 UTC</changedTime>
         <ownerDesignName>525_OE</ownerDesignName>
         <mandatory>false</mandatory>
         <precision>0</precision>
         <reference>false</reference>
         <scale>0</scale>
         <size>0</size>
         <type>5A345F43-835B-C877-03FF-E00A42F44140</type>
      </Attribute>
   </attributes>
   <methods>
      <Method class="oracle.dbtools.crest.model.design.datatypes.Method" name="CATEGORY_DESCRIBE" id="42D64771-D386-40E6-CA79-E00EDA2027FA">
         <createdBy>Administrator</createdBy>
         <createdTime>2008-11-20 16:11:35 UTC</createdTime>
         <changedBy>Administrator</changedBy>
         <changedTime>2008-11-20 16:11:35 UTC</changedTime>
         <ownerDesignName>525_OE</ownerDesignName>
         <body>BEGIN&amp;lt;br&amp;gt;       RETURN  &amp;apos;leaf_category_typ&amp;apos;;&amp;lt;br&amp;gt;    END;&amp;lt;br&amp;gt;   </body>
         <number>0</number>
         <returnValue class="oracle.dbtools.crest.model.design.datatypes.MethodParam" name="CATEGORY_DESCRIBE" id="null">
            <precision>0</precision>
            <reference>false</reference>
            <scale>0</scale>
            <size>0</size>
            <typeID>LOGDT024</typeID>
         </returnValue>
      </Method>
   </methods>
</StructuredType>