<?xml version = '1.0' encoding = 'UTF-8'?>
<StructuredType class="oracle.dbtools.crest.model.design.datatypes.StructuredType" name="XMLTYPE" id="C0FE09FF-A0BA-D5D6-2FFA-43051627B7D2" directorySegmentName="seg_0">
   <createdBy>Administrator</createdBy>
   <createdTime>2008-11-20 16:11:34 UTC</createdTime>
   <changedBy>smharper</changedBy>
   <changedTime>2008-11-20 16:11:35 UTC</changedTime>
   <ownerDesignName>OE</ownerDesignName>
   <predefined>true</predefined>
   <final>false</final>
   <instantiable>true</instantiable>
   <fonts>
      <FontObject class="oracle.dbtools.crest.model.design.FontObjectWr">
         <foType>Title</foType>
         <fontStyle>1</fontStyle>
         <colorRGB>-16776961</colorRGB>
      </FontObject>
      <FontObject class="oracle.dbtools.crest.model.design.FontObjectWr">
         <foType>Attribute</foType>
         <colorRGB>-16777216</colorRGB>
      </FontObject>
      <FontObject class="oracle.dbtools.crest.model.design.FontObjectWr">
         <foType>Datatype</foType>
         <colorRGB>-16777056</colorRGB>
      </FontObject>
      <FontObject class="oracle.dbtools.crest.model.design.FontObjectWr">
         <foType>Method</foType>
         <colorRGB>-16777216</colorRGB>
      </FontObject>
      <FontObject class="oracle.dbtools.crest.model.design.FontObjectWr">
         <foType>Not Instantiable</foType>
         <colorRGB>-65536</colorRGB>
      </FontObject>
      <FontObject class="oracle.dbtools.crest.model.design.FontObjectWr">
         <foType>Mandatory</foType>
         <colorRGB>-65536</colorRGB>
      </FontObject>
   </fonts>
   <methods>
      <Method class="oracle.dbtools.crest.model.design.datatypes.Method" name="CREATEXML" id="4BB53EB9-B72A-B54E-288E-6F00BAC847ED">
         <createdBy>Administrator</createdBy>
         <createdTime>2008-11-20 16:11:35 UTC</createdTime>
         <changedBy>Administrator</changedBy>
         <changedTime>2008-11-20 16:11:35 UTC</changedTime>
         <ownerDesignName>525_OE</ownerDesignName>
         <number>0</number>
         <returnValue class="oracle.dbtools.crest.model.design.datatypes.MethodParam" name="CREATEXML" id="null">
            <precision>0</precision>
            <reference>false</reference>
            <scale>0</scale>
            <size>0</size>
            <typeID>LOGDT050</typeID>
         </returnValue>
         <parameters>
            <Parameter class="oracle.dbtools.crest.model.design.datatypes.MethodParam" name="XMLDATA" id="28C27DB3-B7DD-765F-5D1A-E80F0751C93E">
               <precision>0</precision>
               <reference>false</reference>
               <scale>0</scale>
               <size>0</size>
               <typeID>LOGDT028</typeID>
            </Parameter>
         </parameters>
      </Method>
      <Method class="oracle.dbtools.crest.model.design.datatypes.Method" name="CREATEXML" id="EE4CA505-7A59-EAEC-DF09-90738D76382D">
         <createdBy>Administrator</createdBy>
         <createdTime>2008-11-20 16:11:35 UTC</createdTime>
         <changedBy>Administrator</changedBy>
         <changedTime>2008-11-20 16:11:35 UTC</changedTime>
         <ownerDesignName>525_OE</ownerDesignName>
         <number>0</number>
         <parameters>
            <Parameter class="oracle.dbtools.crest.model.design.datatypes.MethodParam" name="XMLDATA" id="00E4635B-05A2-F6DA-536C-2C681CD84DE0">
               <precision>0</precision>
               <reference>false</reference>
               <scale>0</scale>
               <size>0</size>
               <typeID>LOGDT024</typeID>
            </Parameter>
         </parameters>
      </Method>
      <Method class="oracle.dbtools.crest.model.design.datatypes.Method" name="EXTRACT" id="60415846-233D-F173-C137-795E91717741">
         <createdBy>Administrator</createdBy>
         <createdTime>2008-11-20 16:11:35 UTC</createdTime>
         <changedBy>Administrator</changedBy>
         <changedTime>2008-11-20 16:11:35 UTC</changedTime>
         <ownerDesignName>525_OE</ownerDesignName>
         <number>0</number>
         <returnValue class="oracle.dbtools.crest.model.design.datatypes.MethodParam" name="EXTRACT" id="null">
            <precision>0</precision>
            <reference>false</reference>
            <scale>0</scale>
            <size>0</size>
            <typeID>LOGDT050</typeID>
         </returnValue>
         <parameters>
            <Parameter class="oracle.dbtools.crest.model.design.datatypes.MethodParam" name="XPATH" id="D4B65C3A-28ED-6285-1095-9DA353FFD448">
               <precision>0</precision>
               <reference>false</reference>
               <scale>0</scale>
               <size>0</size>
               <typeID>LOGDT024</typeID>
            </Parameter>
         </parameters>
      </Method>
      <Method class="oracle.dbtools.crest.model.design.datatypes.Method" name="EXISTSNODE" id="7F5149CE-70DA-09DB-8294-D88F486F0D1A">
         <createdBy>Administrator</createdBy>
         <createdTime>2008-11-20 16:11:35 UTC</createdTime>
         <changedBy>Administrator</changedBy>
         <changedTime>2008-11-20 16:11:35 UTC</changedTime>
         <ownerDesignName>525_OE</ownerDesignName>
         <number>0</number>
         <returnValue class="oracle.dbtools.crest.model.design.datatypes.MethodParam" name="EXISTSNODE" id="null">
            <precision>0</precision>
            <reference>false</reference>
            <scale>0</scale>
            <size>0</size>
            <typeID>LOGDT019</typeID>
         </returnValue>
         <parameters>
            <Parameter class="oracle.dbtools.crest.model.design.datatypes.MethodParam" name="XPATH" id="79ADA241-8EC5-DD09-C3E6-5D82B324DD33">
               <precision>0</precision>
               <reference>false</reference>
               <scale>0</scale>
               <size>0</size>
               <typeID>LOGDT024</typeID>
            </Parameter>
         </parameters>
      </Method>
      <Method class="oracle.dbtools.crest.model.design.datatypes.Method" name="ISFRAGMENT" id="15E4752E-D7EF-710C-17C3-9AC48148E4A7">
         <createdBy>Administrator</createdBy>
         <createdTime>2008-11-20 16:11:35 UTC</createdTime>
         <changedBy>Administrator</changedBy>
         <changedTime>2008-11-20 16:11:35 UTC</changedTime>
         <ownerDesignName>525_OE</ownerDesignName>
         <number>0</number>
         <returnValue class="oracle.dbtools.crest.model.design.datatypes.MethodParam" name="ISFRAGMENT" id="null">
            <precision>0</precision>
            <reference>false</reference>
            <scale>0</scale>
            <size>0</size>
            <typeID>LOGDT019</typeID>
         </returnValue>
      </Method>
      <Method class="oracle.dbtools.crest.model.design.datatypes.Method" name="GETCLOBVAL" id="58FC4582-1B58-C6E8-A722-99E73DC0F8FD">
         <createdBy>Administrator</createdBy>
         <createdTime>2008-11-20 16:11:35 UTC</createdTime>
         <changedBy>Administrator</changedBy>
         <changedTime>2008-11-20 16:11:35 UTC</changedTime>
         <ownerDesignName>525_OE</ownerDesignName>
         <number>0</number>
         <returnValue class="oracle.dbtools.crest.model.design.datatypes.MethodParam" name="GETCLOBVAL" id="null">
            <precision>0</precision>
            <reference>false</reference>
            <scale>0</scale>
            <size>0</size>
            <typeID>LOGDT028</typeID>
         </returnValue>
      </Method>
      <Method class="oracle.dbtools.crest.model.design.datatypes.Method" name="GETBLOBVAL" id="4D6AC64F-739B-6AC1-1599-48BCDB494930">
         <createdBy>Administrator</createdBy>
         <createdTime>2008-11-20 16:11:35 UTC</createdTime>
         <changedBy>Administrator</changedBy>
         <changedTime>2008-11-20 16:11:35 UTC</changedTime>
         <ownerDesignName>525_OE</ownerDesignName>
         <number>0</number>
         <returnValue class="oracle.dbtools.crest.model.design.datatypes.MethodParam" name="GETBLOBVAL" id="null">
            <precision>0</precision>
            <reference>false</reference>
            <scale>0</scale>
            <size>0</size>
            <typeID>LOGDT029</typeID>
         </returnValue>
         <parameters>
            <Parameter class="oracle.dbtools.crest.model.design.datatypes.MethodParam" name="CSID" id="FBB482C2-2A42-DF61-4254-079BE74CB5A9">
               <precision>0</precision>
               <reference>false</reference>
               <scale>0</scale>
               <size>0</size>
               <typeID>LOGDT019</typeID>
            </Parameter>
         </parameters>
      </Method>
      <Method class="oracle.dbtools.crest.model.design.datatypes.Method" name="GETSTRINGVAL" id="BCF92488-A0B8-BB5D-1618-919E8336E7A3">
         <createdBy>Administrator</createdBy>
         <createdTime>2008-11-20 16:11:35 UTC</createdTime>
         <changedBy>Administrator</changedBy>
         <changedTime>2008-11-20 16:11:35 UTC</changedTime>
         <ownerDesignName>525_OE</ownerDesignName>
         <number>0</number>
         <returnValue class="oracle.dbtools.crest.model.design.datatypes.MethodParam" name="GETSTRINGVAL" id="null">
            <precision>0</precision>
            <reference>false</reference>
            <scale>0</scale>
            <size>0</size>
            <typeID>LOGDT024</typeID>
         </returnValue>
      </Method>
      <Method class="oracle.dbtools.crest.model.design.datatypes.Method" name="GETNUMBERVAL" id="50C1BDA2-36C5-77FB-2BA7-A7D585D755C2">
         <createdBy>Administrator</createdBy>
         <createdTime>2008-11-20 16:11:35 UTC</createdTime>
         <changedBy>Administrator</changedBy>
         <changedTime>2008-11-20 16:11:35 UTC</changedTime>
         <ownerDesignName>525_OE</ownerDesignName>
         <number>0</number>
         <returnValue class="oracle.dbtools.crest.model.design.datatypes.MethodParam" name="GETNUMBERVAL" id="null">
            <precision>0</precision>
            <reference>false</reference>
            <scale>0</scale>
            <size>0</size>
            <typeID>LOGDT019</typeID>
         </returnValue>
      </Method>
      <Method class="oracle.dbtools.crest.model.design.datatypes.Method" name="CREATEXML" id="B1999D4D-3BFA-8003-806B-C09176D8B538">
         <createdBy>Administrator</createdBy>
         <createdTime>2008-11-20 16:11:35 UTC</createdTime>
         <changedBy>Administrator</changedBy>
         <changedTime>2008-11-20 16:11:35 UTC</changedTime>
         <ownerDesignName>525_OE</ownerDesignName>
         <number>0</number>
         <parameters>
            <Parameter class="oracle.dbtools.crest.model.design.datatypes.MethodParam" name="XMLDATA" id="07EFFC53-95EB-36F4-CF87-4E7D54B0C724">
               <precision>0</precision>
               <reference>false</reference>
               <scale>0</scale>
               <size>0</size>
               <typeID>LOGDT028</typeID>
            </Parameter>
            <Parameter class="oracle.dbtools.crest.model.design.datatypes.MethodParam" name="SCHEMA" id="0995545B-B418-E816-1F75-B45294312745">
               <precision>0</precision>
               <reference>false</reference>
               <scale>0</scale>
               <size>0</size>
               <typeID>LOGDT024</typeID>
            </Parameter>
            <Parameter class="oracle.dbtools.crest.model.design.datatypes.MethodParam" name="VALIDATED" id="420588E9-3DBD-E3A5-428B-82C82E0B2E1E">
               <precision>0</precision>
               <reference>false</reference>
               <scale>0</scale>
               <size>0</size>
               <typeID>LOGDT019</typeID>
            </Parameter>
            <Parameter class="oracle.dbtools.crest.model.design.datatypes.MethodParam" name="WELLFORMED" id="A047A06F-C021-F143-3D23-654408651766">
               <precision>0</precision>
               <reference>false</reference>
               <scale>0</scale>
               <size>0</size>
               <typeID>LOGDT019</typeID>
            </Parameter>
         </parameters>
      </Method>
      <Method class="oracle.dbtools.crest.model.design.datatypes.Method" name="CREATEXML" id="CDDE3903-031A-2B12-E28E-D384A91B4B13">
         <createdBy>Administrator</createdBy>
         <createdTime>2008-11-20 16:11:35 UTC</createdTime>
         <changedBy>Administrator</changedBy>
         <changedTime>2008-11-20 16:11:35 UTC</changedTime>
         <ownerDesignName>525_OE</ownerDesignName>
         <number>0</number>
         <parameters>
            <Parameter class="oracle.dbtools.crest.model.design.datatypes.MethodParam" name="XMLDATA" id="D75C3E34-8F2E-37AF-E808-FFD5BABA77AF">
               <precision>0</precision>
               <reference>false</reference>
               <scale>0</scale>
               <size>0</size>
               <typeID>LOGDT029</typeID>
            </Parameter>
            <Parameter class="oracle.dbtools.crest.model.design.datatypes.MethodParam" name="CSID" id="FE4D5D36-8EA7-59B6-9A00-3F566DBB69D3">
               <precision>0</precision>
               <reference>false</reference>
               <scale>0</scale>
               <size>0</size>
               <typeID>LOGDT019</typeID>
            </Parameter>
            <Parameter class="oracle.dbtools.crest.model.design.datatypes.MethodParam" name="SCHEMA" id="602F813D-C3DB-FE59-7B16-43CCE1201458">
               <precision>0</precision>
               <reference>false</reference>
               <scale>0</scale>
               <size>0</size>
               <typeID>LOGDT024</typeID>
            </Parameter>
            <Parameter class="oracle.dbtools.crest.model.design.datatypes.MethodParam" name="VALIDATED" id="E2D817A7-BE25-E268-BC6F-552CF65A46AA">
               <precision>0</precision>
               <reference>false</reference>
               <scale>0</scale>
               <size>0</size>
               <typeID>LOGDT019</typeID>
            </Parameter>
            <Parameter class="oracle.dbtools.crest.model.design.datatypes.MethodParam" name="WELLFORMED" id="8BE04372-75F3-C205-B461-DCF72D80A621">
               <precision>0</precision>
               <reference>false</reference>
               <scale>0</scale>
               <size>0</size>
               <typeID>LOGDT019</typeID>
            </Parameter>
         </parameters>
      </Method>
      <Method class="oracle.dbtools.crest.model.design.datatypes.Method" name="CREATEXML" id="1454DDE6-B962-6065-4728-3C6194FC54E3">
         <createdBy>Administrator</createdBy>
         <createdTime>2008-11-20 16:11:35 UTC</createdTime>
         <changedBy>Administrator</changedBy>
         <changedTime>2008-11-20 16:11:35 UTC</changedTime>
         <ownerDesignName>525_OE</ownerDesignName>
         <number>0</number>
         <parameters>
            <Parameter class="oracle.dbtools.crest.model.design.datatypes.MethodParam" name="XMLDATA" id="1758B023-2A48-5A9F-77CE-BBF2E3D13D1F">
               <precision>0</precision>
               <reference>false</reference>
               <scale>0</scale>
               <size>0</size>
               <typeID>LogDes-7DD553FD-11E8-61FA-399D-2E531FB621D0@LOGDT10034</typeID>
            </Parameter>
            <Parameter class="oracle.dbtools.crest.model.design.datatypes.MethodParam" name="CSID" id="5FC99A34-34F0-6264-9C27-B0AA6E9B4E12">
               <precision>0</precision>
               <reference>false</reference>
               <scale>0</scale>
               <size>0</size>
               <typeID>LOGDT019</typeID>
            </Parameter>
            <Parameter class="oracle.dbtools.crest.model.design.datatypes.MethodParam" name="SCHEMA" id="9D9A9E54-383A-20C7-BC65-681D6C4D0B4E">
               <precision>0</precision>
               <reference>false</reference>
               <scale>0</scale>
               <size>0</size>
               <typeID>LOGDT024</typeID>
            </Parameter>
            <Parameter class="oracle.dbtools.crest.model.design.datatypes.MethodParam" name="VALIDATED" id="ACA7409A-AD30-70A9-A32F-D7FFE79DD699">
               <precision>0</precision>
               <reference>false</reference>
               <scale>0</scale>
               <size>0</size>
               <typeID>LOGDT019</typeID>
            </Parameter>
            <Parameter class="oracle.dbtools.crest.model.design.datatypes.MethodParam" name="WELLFORMED" id="45269236-D519-816F-E44F-30A875B1EFA2">
               <precision>0</precision>
               <reference>false</reference>
               <scale>0</scale>
               <size>0</size>
               <typeID>LOGDT019</typeID>
            </Parameter>
         </parameters>
      </Method>
      <Method class="oracle.dbtools.crest.model.design.datatypes.Method" name="CREATEXML" id="9159A2BD-27EA-018B-AC6F-5C832E7FB876">
         <createdBy>Administrator</createdBy>
         <createdTime>2008-11-20 16:11:35 UTC</createdTime>
         <changedBy>Administrator</changedBy>
         <changedTime>2008-11-20 16:11:35 UTC</changedTime>
         <ownerDesignName>525_OE</ownerDesignName>
         <number>0</number>
         <parameters>
            <Parameter class="oracle.dbtools.crest.model.design.datatypes.MethodParam" name="XMLDATA" id="7FE528CF-1267-F6A9-734B-883F35CD8830">
               <precision>0</precision>
               <reference>false</reference>
               <scale>0</scale>
               <size>0</size>
               <typeID>LOGDT024</typeID>
            </Parameter>
            <Parameter class="oracle.dbtools.crest.model.design.datatypes.MethodParam" name="SCHEMA" id="BDC42A23-CE4D-6556-EE57-38DE7991C446">
               <precision>0</precision>
               <reference>false</reference>
               <scale>0</scale>
               <size>0</size>
               <typeID>LOGDT024</typeID>
            </Parameter>
            <Parameter class="oracle.dbtools.crest.model.design.datatypes.MethodParam" name="VALIDATED" id="F1DF32A6-22ED-A31F-DAD9-BBDC7CD006A7">
               <precision>0</precision>
               <reference>false</reference>
               <scale>0</scale>
               <size>0</size>
               <typeID>LOGDT019</typeID>
            </Parameter>
            <Parameter class="oracle.dbtools.crest.model.design.datatypes.MethodParam" name="WELLFORMED" id="C553B3F6-4770-84BB-7439-7F7A5E49FC4B">
               <precision>0</precision>
               <reference>false</reference>
               <scale>0</scale>
               <size>0</size>
               <typeID>LOGDT019</typeID>
            </Parameter>
         </parameters>
      </Method>
      <Method class="oracle.dbtools.crest.model.design.datatypes.Method" name="CREATEXML" id="0C2429AF-6BA7-1DE9-B626-CB96BB43EC4C">
         <createdBy>Administrator</createdBy>
         <createdTime>2008-11-20 16:11:35 UTC</createdTime>
         <changedBy>Administrator</changedBy>
         <changedTime>2008-11-20 16:11:35 UTC</changedTime>
         <ownerDesignName>525_OE</ownerDesignName>
         <number>0</number>
         <parameters>
            <Parameter class="oracle.dbtools.crest.model.design.datatypes.MethodParam" name="XMLDATA" id="308AB6A5-06E6-AC4B-CD4C-58C376AD4CFB">
               <precision>0</precision>
               <reference>false</reference>
               <scale>0</scale>
               <size>0</size>
               <typeID>LOGDT017</typeID>
            </Parameter>
            <Parameter class="oracle.dbtools.crest.model.design.datatypes.MethodParam" name="SCHEMA" id="9E0926CE-BA4B-1325-9F85-B0733B2C0264">
               <precision>0</precision>
               <reference>false</reference>
               <scale>0</scale>
               <size>0</size>
               <typeID>LOGDT024</typeID>
            </Parameter>
            <Parameter class="oracle.dbtools.crest.model.design.datatypes.MethodParam" name="ELEMENT" id="CD46B498-48E8-4999-4B92-76A940E863D5">
               <precision>0</precision>
               <reference>false</reference>
               <scale>0</scale>
               <size>0</size>
               <typeID>LOGDT024</typeID>
            </Parameter>
            <Parameter class="oracle.dbtools.crest.model.design.datatypes.MethodParam" name="VALIDATED" id="2CDCC450-6830-9CDC-762E-F74E0C1A44BF">
               <precision>0</precision>
               <reference>false</reference>
               <scale>0</scale>
               <size>0</size>
               <typeID>LOGDT019</typeID>
            </Parameter>
         </parameters>
      </Method>
      <Method class="oracle.dbtools.crest.model.design.datatypes.Method" name="CREATEXML" id="D726C42A-1B75-FD17-B287-3F1CCBD06A9D">
         <createdBy>Administrator</createdBy>
         <createdTime>2008-11-20 16:11:35 UTC</createdTime>
         <changedBy>Administrator</changedBy>
         <changedTime>2008-11-20 16:11:35 UTC</changedTime>
         <ownerDesignName>525_OE</ownerDesignName>
         <number>0</number>
         <parameters>
            <Parameter class="oracle.dbtools.crest.model.design.datatypes.MethodParam" name="XMLDATA" id="4F1315E2-1A8C-830C-763B-878DA1304CC8">
               <precision>0</precision>
               <reference>false</reference>
               <scale>0</scale>
               <size>0</size>
               <typeID>LOGDT017</typeID>
            </Parameter>
            <Parameter class="oracle.dbtools.crest.model.design.datatypes.MethodParam" name="SCHEMA" id="3D847000-EF2F-5C83-1EDC-28E1876BBCCA">
               <precision>0</precision>
               <reference>false</reference>
               <scale>0</scale>
               <size>0</size>
               <typeID>LOGDT024</typeID>
            </Parameter>
            <Parameter class="oracle.dbtools.crest.model.design.datatypes.MethodParam" name="ELEMENT" id="E26437D2-8A1A-039F-108E-3FC6B6397742">
               <precision>0</precision>
               <reference>false</reference>
               <scale>0</scale>
               <size>0</size>
               <typeID>LOGDT024</typeID>
            </Parameter>
            <Parameter class="oracle.dbtools.crest.model.design.datatypes.MethodParam" name="VALIDATED" id="DA61BA0A-381E-5DEC-595D-90D10FE7AF3A">
               <precision>0</precision>
               <reference>false</reference>
               <scale>0</scale>
               <size>0</size>
               <typeID>LOGDT019</typeID>
            </Parameter>
         </parameters>
      </Method>
      <Method class="oracle.dbtools.crest.model.design.datatypes.Method" name="CREATEXML" id="E41A1E93-6885-7591-FB58-BF6ECC9A2C63">
         <createdBy>Administrator</createdBy>
         <createdTime>2008-11-20 16:11:35 UTC</createdTime>
         <changedBy>Administrator</changedBy>
         <changedTime>2008-11-20 16:11:35 UTC</changedTime>
         <ownerDesignName>525_OE</ownerDesignName>
         <number>0</number>
         <parameters>
            <Parameter class="oracle.dbtools.crest.model.design.datatypes.MethodParam" name="XMLDATA" id="CEC35437-AEC2-BE00-4970-3A3F03A2D5CE">
               <precision>0</precision>
               <reference>false</reference>
               <scale>0</scale>
               <size>0</size>
               <typeID>LogDes-F046B719-7D91-3873-3302-38C441683842@LOGDT10010</typeID>
            </Parameter>
            <Parameter class="oracle.dbtools.crest.model.design.datatypes.MethodParam" name="SCHEMA" id="90C3FF4D-AD0E-7BA5-6145-77B99EB865D5">
               <precision>0</precision>
               <reference>false</reference>
               <scale>0</scale>
               <size>0</size>
               <typeID>LOGDT024</typeID>
            </Parameter>
            <Parameter class="oracle.dbtools.crest.model.design.datatypes.MethodParam" name="ELEMENT" id="7774BC28-F774-4A8C-CC58-AF844AB1C43B">
               <precision>0</precision>
               <reference>false</reference>
               <scale>0</scale>
               <size>0</size>
               <typeID>LOGDT024</typeID>
            </Parameter>
            <Parameter class="oracle.dbtools.crest.model.design.datatypes.MethodParam" name="VALIDATED" id="8DFE65E4-6C81-7686-5F02-2616290E2872">
               <precision>0</precision>
               <reference>false</reference>
               <scale>0</scale>
               <size>0</size>
               <typeID>LOGDT019</typeID>
            </Parameter>
         </parameters>
      </Method>
      <Method class="oracle.dbtools.crest.model.design.datatypes.Method" name="EXTRACT" id="3EA4E848-7AEF-B54F-4139-46F3D252E16C">
         <createdBy>Administrator</createdBy>
         <createdTime>2008-11-20 16:11:35 UTC</createdTime>
         <changedBy>Administrator</changedBy>
         <changedTime>2008-11-20 16:11:35 UTC</changedTime>
         <ownerDesignName>525_OE</ownerDesignName>
         <number>0</number>
         <parameters>
            <Parameter class="oracle.dbtools.crest.model.design.datatypes.MethodParam" name="XPATH" id="1425C55D-A1E4-F6BD-F9B1-5A74297256AF">
               <precision>0</precision>
               <reference>false</reference>
               <scale>0</scale>
               <size>0</size>
               <typeID>LOGDT024</typeID>
            </Parameter>
            <Parameter class="oracle.dbtools.crest.model.design.datatypes.MethodParam" name="NSMAP" id="0D4E1744-73F7-CEE2-38B7-DA136D744676">
               <precision>0</precision>
               <reference>false</reference>
               <scale>0</scale>
               <size>0</size>
               <typeID>LOGDT024</typeID>
            </Parameter>
         </parameters>
      </Method>
      <Method class="oracle.dbtools.crest.model.design.datatypes.Method" name="EXISTSNODE" id="53AC6E64-E314-6408-3579-6B016BB16FF8">
         <createdBy>Administrator</createdBy>
         <createdTime>2008-11-20 16:11:35 UTC</createdTime>
         <changedBy>Administrator</changedBy>
         <changedTime>2008-11-20 16:11:35 UTC</changedTime>
         <ownerDesignName>525_OE</ownerDesignName>
         <number>0</number>
         <parameters>
            <Parameter class="oracle.dbtools.crest.model.design.datatypes.MethodParam" name="XPATH" id="6A0E467F-101F-747A-000D-CC7D72CEB900">
               <precision>0</precision>
               <reference>false</reference>
               <scale>0</scale>
               <size>0</size>
               <typeID>LOGDT024</typeID>
            </Parameter>
            <Parameter class="oracle.dbtools.crest.model.design.datatypes.MethodParam" name="NSMAP" id="959915F1-E2A1-B67C-B9FA-BB14FF836709">
               <precision>0</precision>
               <reference>false</reference>
               <scale>0</scale>
               <size>0</size>
               <typeID>LOGDT024</typeID>
            </Parameter>
         </parameters>
      </Method>
      <Method class="oracle.dbtools.crest.model.design.datatypes.Method" name="TRANSFORM" id="35167158-8DA1-7494-2128-540233FF7F3C">
         <createdBy>Administrator</createdBy>
         <createdTime>2008-11-20 16:11:35 UTC</createdTime>
         <changedBy>Administrator</changedBy>
         <changedTime>2008-11-20 16:11:35 UTC</changedTime>
         <ownerDesignName>525_OE</ownerDesignName>
         <number>0</number>
         <returnValue class="oracle.dbtools.crest.model.design.datatypes.MethodParam" name="TRANSFORM" id="null">
            <precision>0</precision>
            <reference>false</reference>
            <scale>0</scale>
            <size>0</size>
            <typeID>LOGDT050</typeID>
         </returnValue>
         <parameters>
            <Parameter class="oracle.dbtools.crest.model.design.datatypes.MethodParam" name="XSL" id="CD530C4D-AA44-B27D-D6F3-BB78C0A59C0A">
               <precision>0</precision>
               <reference>false</reference>
               <scale>0</scale>
               <size>0</size>
               <typeID>LOGDT050</typeID>
            </Parameter>
            <Parameter class="oracle.dbtools.crest.model.design.datatypes.MethodParam" name="PARAMMAP" id="E98862CB-9A03-6D85-2AAA-7E76E987D908">
               <precision>0</precision>
               <reference>false</reference>
               <scale>0</scale>
               <size>0</size>
               <typeID>LOGDT024</typeID>
            </Parameter>
         </parameters>
      </Method>
      <Method class="oracle.dbtools.crest.model.design.datatypes.Method" name="TOOBJECT" id="840E5425-7BEF-79B9-80D7-0F2F36B59EA0">
         <createdBy>Administrator</createdBy>
         <createdTime>2008-11-20 16:11:35 UTC</createdTime>
         <changedBy>Administrator</changedBy>
         <changedTime>2008-11-20 16:11:35 UTC</changedTime>
         <ownerDesignName>525_OE</ownerDesignName>
         <number>0</number>
         <parameters>
            <Parameter class="oracle.dbtools.crest.model.design.datatypes.MethodParam" name="OBJECT" id="46858916-597A-4F17-D3D8-CD9BC635CF06">
               <precision>0</precision>
               <reference>false</reference>
               <scale>0</scale>
               <size>0</size>
               <typeID>LOGDT017</typeID>
            </Parameter>
            <Parameter class="oracle.dbtools.crest.model.design.datatypes.MethodParam" name="SCHEMA" id="293D9A90-B8B9-842F-1C10-384A1D82ABC8">
               <precision>0</precision>
               <reference>false</reference>
               <scale>0</scale>
               <size>0</size>
               <typeID>LOGDT024</typeID>
            </Parameter>
            <Parameter class="oracle.dbtools.crest.model.design.datatypes.MethodParam" name="ELEMENT" id="F9FA6CB1-02A4-B4AB-D8AF-91A708A9B561">
               <precision>0</precision>
               <reference>false</reference>
               <scale>0</scale>
               <size>0</size>
               <typeID>LOGDT024</typeID>
            </Parameter>
         </parameters>
      </Method>
      <Method class="oracle.dbtools.crest.model.design.datatypes.Method" name="ISSCHEMABASED" id="424ED3FE-B899-FEB6-902C-6303D0A41944">
         <createdBy>Administrator</createdBy>
         <createdTime>2008-11-20 16:11:35 UTC</createdTime>
         <changedBy>Administrator</changedBy>
         <changedTime>2008-11-20 16:11:35 UTC</changedTime>
         <ownerDesignName>525_OE</ownerDesignName>
         <number>0</number>
         <returnValue class="oracle.dbtools.crest.model.design.datatypes.MethodParam" name="ISSCHEMABASED" id="null">
            <precision>0</precision>
            <reference>false</reference>
            <scale>0</scale>
            <size>0</size>
            <typeID>LOGDT019</typeID>
         </returnValue>
      </Method>
      <Method class="oracle.dbtools.crest.model.design.datatypes.Method" name="GETSCHEMAURL" id="9948BBC5-8435-1423-D303-3AB0C9100FD6">
         <createdBy>Administrator</createdBy>
         <createdTime>2008-11-20 16:11:35 UTC</createdTime>
         <changedBy>Administrator</changedBy>
         <changedTime>2008-11-20 16:11:35 UTC</changedTime>
         <ownerDesignName>525_OE</ownerDesignName>
         <number>0</number>
         <returnValue class="oracle.dbtools.crest.model.design.datatypes.MethodParam" name="GETSCHEMAURL" id="null">
            <precision>0</precision>
            <reference>false</reference>
            <scale>0</scale>
            <size>0</size>
            <typeID>LOGDT024</typeID>
         </returnValue>
      </Method>
      <Method class="oracle.dbtools.crest.model.design.datatypes.Method" name="GETROOTELEMENT" id="8BC5D876-06C8-91FB-F480-8A5B889F356D">
         <createdBy>Administrator</createdBy>
         <createdTime>2008-11-20 16:11:35 UTC</createdTime>
         <changedBy>Administrator</changedBy>
         <changedTime>2008-11-20 16:11:35 UTC</changedTime>
         <ownerDesignName>525_OE</ownerDesignName>
         <number>0</number>
         <returnValue class="oracle.dbtools.crest.model.design.datatypes.MethodParam" name="GETROOTELEMENT" id="null">
            <precision>0</precision>
            <reference>false</reference>
            <scale>0</scale>
            <size>0</size>
            <typeID>LOGDT024</typeID>
         </returnValue>
      </Method>
      <Method class="oracle.dbtools.crest.model.design.datatypes.Method" name="CREATESCHEMABASEDXML" id="9497C2D6-F533-8C97-E7DC-AC260230F575">
         <createdBy>Administrator</createdBy>
         <createdTime>2008-11-20 16:11:35 UTC</createdTime>
         <changedBy>Administrator</changedBy>
         <changedTime>2008-11-20 16:11:35 UTC</changedTime>
         <ownerDesignName>525_OE</ownerDesignName>
         <number>0</number>
         <returnValue class="oracle.dbtools.crest.model.design.datatypes.MethodParam" name="CREATESCHEMABASEDXML" id="null">
            <precision>0</precision>
            <reference>false</reference>
            <scale>0</scale>
            <size>0</size>
            <typeID>LOGDT050</typeID>
         </returnValue>
         <parameters>
            <Parameter class="oracle.dbtools.crest.model.design.datatypes.MethodParam" name="SCHEMA" id="67DBD5B5-7D81-A220-CE85-54ED9BCC5DAE">
               <precision>0</precision>
               <reference>false</reference>
               <scale>0</scale>
               <size>0</size>
               <typeID>LOGDT024</typeID>
            </Parameter>
         </parameters>
      </Method>
      <Method class="oracle.dbtools.crest.model.design.datatypes.Method" name="CREATENONSCHEMABASEDXML" id="02120098-3C4D-81F4-A3EB-F04C1D16B866">
         <createdBy>Administrator</createdBy>
         <createdTime>2008-11-20 16:11:35 UTC</createdTime>
         <changedBy>Administrator</changedBy>
         <changedTime>2008-11-20 16:11:35 UTC</changedTime>
         <ownerDesignName>525_OE</ownerDesignName>
         <number>0</number>
         <returnValue class="oracle.dbtools.crest.model.design.datatypes.MethodParam" name="CREATENONSCHEMABASEDXML" id="null">
            <precision>0</precision>
            <reference>false</reference>
            <scale>0</scale>
            <size>0</size>
            <typeID>LOGDT050</typeID>
         </returnValue>
      </Method>
      <Method class="oracle.dbtools.crest.model.design.datatypes.Method" name="GETNAMESPACE" id="31719C29-E8A5-3D05-9D3B-DD5772E7482C">
         <createdBy>Administrator</createdBy>
         <createdTime>2008-11-20 16:11:35 UTC</createdTime>
         <changedBy>Administrator</changedBy>
         <changedTime>2008-11-20 16:11:35 UTC</changedTime>
         <ownerDesignName>525_OE</ownerDesignName>
         <number>0</number>
         <returnValue class="oracle.dbtools.crest.model.design.datatypes.MethodParam" name="GETNAMESPACE" id="null">
            <precision>0</precision>
            <reference>false</reference>
            <scale>0</scale>
            <size>0</size>
            <typeID>LOGDT024</typeID>
         </returnValue>
      </Method>
      <Method class="oracle.dbtools.crest.model.design.datatypes.Method" name="SCHEMAVALIDATE" id="EB78F517-26E2-95CB-C79C-4457862D4171">
         <createdBy>Administrator</createdBy>
         <createdTime>2008-11-20 16:11:35 UTC</createdTime>
         <changedBy>Administrator</changedBy>
         <changedTime>2008-11-20 16:11:35 UTC</changedTime>
         <ownerDesignName>525_OE</ownerDesignName>
         <number>0</number>
      </Method>
      <Method class="oracle.dbtools.crest.model.design.datatypes.Method" name="ISSCHEMAVALIDATED" id="98C9D5C2-E9B7-7F05-09B9-6773818A1EE4">
         <createdBy>Administrator</createdBy>
         <createdTime>2008-11-20 16:11:35 UTC</createdTime>
         <changedBy>Administrator</changedBy>
         <changedTime>2008-11-20 16:11:35 UTC</changedTime>
         <ownerDesignName>525_OE</ownerDesignName>
         <number>0</number>
         <returnValue class="oracle.dbtools.crest.model.design.datatypes.MethodParam" name="ISSCHEMAVALIDATED" id="null">
            <precision>0</precision>
            <reference>false</reference>
            <scale>0</scale>
            <size>0</size>
            <typeID>LOGDT019</typeID>
         </returnValue>
      </Method>
      <Method class="oracle.dbtools.crest.model.design.datatypes.Method" name="SETSCHEMAVALIDATED" id="B67057A3-F01F-8162-22D1-4B10FF5D2506">
         <createdBy>Administrator</createdBy>
         <createdTime>2008-11-20 16:11:35 UTC</createdTime>
         <changedBy>Administrator</changedBy>
         <changedTime>2008-11-20 16:11:35 UTC</changedTime>
         <ownerDesignName>525_OE</ownerDesignName>
         <number>0</number>
         <parameters>
            <Parameter class="oracle.dbtools.crest.model.design.datatypes.MethodParam" name="FLAG" id="17B3EE15-00E0-9B56-28CF-BA64D597C834">
               <precision>0</precision>
               <reference>false</reference>
               <scale>0</scale>
               <size>0</size>
               <typeID>LOGDT017</typeID>
            </Parameter>
         </parameters>
      </Method>
      <Method class="oracle.dbtools.crest.model.design.datatypes.Method" name="ISSCHEMAVALID" id="B9596792-2211-1888-1DED-22B74DC429F9">
         <createdBy>Administrator</createdBy>
         <createdTime>2008-11-20 16:11:35 UTC</createdTime>
         <changedBy>Administrator</changedBy>
         <changedTime>2008-11-20 16:11:35 UTC</changedTime>
         <ownerDesignName>525_OE</ownerDesignName>
         <number>0</number>
         <returnValue class="oracle.dbtools.crest.model.design.datatypes.MethodParam" name="ISSCHEMAVALID" id="null">
            <precision>0</precision>
            <reference>false</reference>
            <scale>0</scale>
            <size>0</size>
            <typeID>LOGDT019</typeID>
         </returnValue>
         <parameters>
            <Parameter class="oracle.dbtools.crest.model.design.datatypes.MethodParam" name="SCHURL" id="E25EA474-11E9-FE95-8B87-DAEE650859E1">
               <precision>0</precision>
               <reference>false</reference>
               <scale>0</scale>
               <size>0</size>
               <typeID>LOGDT024</typeID>
            </Parameter>
            <Parameter class="oracle.dbtools.crest.model.design.datatypes.MethodParam" name="ELEM" id="FE99DEC8-8271-1101-0B76-E1154F3D3DE8">
               <precision>0</precision>
               <reference>false</reference>
               <scale>0</scale>
               <size>0</size>
               <typeID>LOGDT024</typeID>
            </Parameter>
         </parameters>
      </Method>
      <Method class="oracle.dbtools.crest.model.design.datatypes.Method" name="INSERTXMLBEFORE" id="BB9F6098-CB84-2287-D972-481D9783D19A">
         <createdBy>Administrator</createdBy>
         <createdTime>2008-11-20 16:11:35 UTC</createdTime>
         <changedBy>Administrator</changedBy>
         <changedTime>2008-11-20 16:11:35 UTC</changedTime>
         <ownerDesignName>525_OE</ownerDesignName>
         <number>0</number>
         <returnValue class="oracle.dbtools.crest.model.design.datatypes.MethodParam" name="INSERTXMLBEFORE" id="null">
            <precision>0</precision>
            <reference>false</reference>
            <scale>0</scale>
            <size>0</size>
            <typeID>LOGDT050</typeID>
         </returnValue>
         <parameters>
            <Parameter class="oracle.dbtools.crest.model.design.datatypes.MethodParam" name="XPATH" id="C16B8FCF-7EC5-3EC7-69FE-4075743A220E">
               <precision>0</precision>
               <reference>false</reference>
               <scale>0</scale>
               <size>0</size>
               <typeID>LOGDT024</typeID>
            </Parameter>
            <Parameter class="oracle.dbtools.crest.model.design.datatypes.MethodParam" name="VALUE_EXPR" id="F25B4738-0771-F6B7-638A-14B19888F3B8">
               <precision>0</precision>
               <reference>false</reference>
               <scale>0</scale>
               <size>0</size>
               <typeID>LOGDT050</typeID>
            </Parameter>
            <Parameter class="oracle.dbtools.crest.model.design.datatypes.MethodParam" name="NAMESPACE" id="A96B1C57-1BC9-A26E-61D0-C29EF18B39B3">
               <precision>0</precision>
               <reference>false</reference>
               <scale>0</scale>
               <size>0</size>
               <typeID>LOGDT024</typeID>
            </Parameter>
         </parameters>
      </Method>
      <Method class="oracle.dbtools.crest.model.design.datatypes.Method" name="APPENDCHILDXML" id="577EF89A-DC37-5C2D-339E-67E7FB02A6CA">
         <createdBy>Administrator</createdBy>
         <createdTime>2008-11-20 16:11:35 UTC</createdTime>
         <changedBy>Administrator</changedBy>
         <changedTime>2008-11-20 16:11:35 UTC</changedTime>
         <ownerDesignName>525_OE</ownerDesignName>
         <number>0</number>
         <returnValue class="oracle.dbtools.crest.model.design.datatypes.MethodParam" name="APPENDCHILDXML" id="null">
            <precision>0</precision>
            <reference>false</reference>
            <scale>0</scale>
            <size>0</size>
            <typeID>LOGDT050</typeID>
         </returnValue>
         <parameters>
            <Parameter class="oracle.dbtools.crest.model.design.datatypes.MethodParam" name="XPATH" id="2E11E800-DA59-3AF4-7C6A-C7909B6ECD8F">
               <precision>0</precision>
               <reference>false</reference>
               <scale>0</scale>
               <size>0</size>
               <typeID>LOGDT024</typeID>
            </Parameter>
            <Parameter class="oracle.dbtools.crest.model.design.datatypes.MethodParam" name="VALUE_EXPR" id="83B77CD6-82C9-A05A-9560-2D0F7873E737">
               <precision>0</precision>
               <reference>false</reference>
               <scale>0</scale>
               <size>0</size>
               <typeID>LOGDT050</typeID>
            </Parameter>
            <Parameter class="oracle.dbtools.crest.model.design.datatypes.MethodParam" name="NAMESPACE" id="666DC187-0AA7-AF8C-0BC9-72C2A6B4880D">
               <precision>0</precision>
               <reference>false</reference>
               <scale>0</scale>
               <size>0</size>
               <typeID>LOGDT024</typeID>
            </Parameter>
         </parameters>
      </Method>
      <Method class="oracle.dbtools.crest.model.design.datatypes.Method" name="DELETEXML" id="086251FD-B10E-6BF5-1868-C121877B5521">
         <createdBy>Administrator</createdBy>
         <createdTime>2008-11-20 16:11:35 UTC</createdTime>
         <changedBy>Administrator</changedBy>
         <changedTime>2008-11-20 16:11:35 UTC</changedTime>
         <ownerDesignName>525_OE</ownerDesignName>
         <number>0</number>
         <returnValue class="oracle.dbtools.crest.model.design.datatypes.MethodParam" name="DELETEXML" id="null">
            <precision>0</precision>
            <reference>false</reference>
            <scale>0</scale>
            <size>0</size>
            <typeID>LOGDT050</typeID>
         </returnValue>
         <parameters>
            <Parameter class="oracle.dbtools.crest.model.design.datatypes.MethodParam" name="XPATH" id="2737B213-1CC8-7C09-B8F2-49336910DFAE">
               <precision>0</precision>
               <reference>false</reference>
               <scale>0</scale>
               <size>0</size>
               <typeID>LOGDT024</typeID>
            </Parameter>
            <Parameter class="oracle.dbtools.crest.model.design.datatypes.MethodParam" name="NAMESPACE" id="470C8E4F-1E8C-EAB8-8296-C7B548A934CF">
               <precision>0</precision>
               <reference>false</reference>
               <scale>0</scale>
               <size>0</size>
               <typeID>LOGDT024</typeID>
            </Parameter>
         </parameters>
      </Method>
      <Method class="oracle.dbtools.crest.model.design.datatypes.Method" name="XMLTYPE" id="6774BE22-8488-8CCA-D141-4FFC5670F302">
         <createdBy>Administrator</createdBy>
         <createdTime>2008-11-20 16:11:35 UTC</createdTime>
         <changedBy>Administrator</changedBy>
         <changedTime>2008-11-20 16:11:35 UTC</changedTime>
         <ownerDesignName>525_OE</ownerDesignName>
         <constructor>true</constructor>
         <number>0</number>
         <returnValue class="oracle.dbtools.crest.model.design.datatypes.MethodParam" name="XMLTYPE" id="null">
            <precision>0</precision>
            <reference>false</reference>
            <scale>0</scale>
            <size>0</size>
            <typeID>LOGDT050</typeID>
         </returnValue>
         <parameters>
            <Parameter class="oracle.dbtools.crest.model.design.datatypes.MethodParam" name="XMLDATA" id="71E679F2-01F7-E1F5-DACF-ACC3DB7A16C3">
               <precision>0</precision>
               <reference>false</reference>
               <scale>0</scale>
               <size>0</size>
               <typeID>LOGDT028</typeID>
            </Parameter>
            <Parameter class="oracle.dbtools.crest.model.design.datatypes.MethodParam" name="SCHEMA" id="5F6FFFED-D94E-B86F-D85D-B2B9C682712B">
               <precision>0</precision>
               <reference>false</reference>
               <scale>0</scale>
               <size>0</size>
               <typeID>LOGDT024</typeID>
            </Parameter>
            <Parameter class="oracle.dbtools.crest.model.design.datatypes.MethodParam" name="VALIDATED" id="19EE463E-B274-5A1D-DA43-0D7D50E33387">
               <precision>0</precision>
               <reference>false</reference>
               <scale>0</scale>
               <size>0</size>
               <typeID>LOGDT019</typeID>
            </Parameter>
            <Parameter class="oracle.dbtools.crest.model.design.datatypes.MethodParam" name="WELLFORMED" id="51AB7C89-AEE8-A68D-EA47-942E52847B77">
               <precision>0</precision>
               <reference>false</reference>
               <scale>0</scale>
               <size>0</size>
               <typeID>LOGDT019</typeID>
            </Parameter>
         </parameters>
      </Method>
      <Method class="oracle.dbtools.crest.model.design.datatypes.Method" name="XMLTYPE" id="6FC937C8-643E-0733-1A9A-6319961CB77C">
         <createdBy>Administrator</createdBy>
         <createdTime>2008-11-20 16:11:35 UTC</createdTime>
         <changedBy>Administrator</changedBy>
         <changedTime>2008-11-20 16:11:35 UTC</changedTime>
         <ownerDesignName>525_OE</ownerDesignName>
         <constructor>true</constructor>
         <number>0</number>
         <parameters>
            <Parameter class="oracle.dbtools.crest.model.design.datatypes.MethodParam" name="XMLDATA" id="F5930D54-3C80-3643-7819-A3CF4D53043D">
               <precision>0</precision>
               <reference>false</reference>
               <scale>0</scale>
               <size>0</size>
               <typeID>LOGDT029</typeID>
            </Parameter>
            <Parameter class="oracle.dbtools.crest.model.design.datatypes.MethodParam" name="CSID" id="41778A2F-B408-D585-DC82-4E66FBE52519">
               <precision>0</precision>
               <reference>false</reference>
               <scale>0</scale>
               <size>0</size>
               <typeID>LOGDT019</typeID>
            </Parameter>
            <Parameter class="oracle.dbtools.crest.model.design.datatypes.MethodParam" name="SCHEMA" id="C37D5DCF-601C-C65E-628B-955C5ACF64BF">
               <precision>0</precision>
               <reference>false</reference>
               <scale>0</scale>
               <size>0</size>
               <typeID>LOGDT024</typeID>
            </Parameter>
            <Parameter class="oracle.dbtools.crest.model.design.datatypes.MethodParam" name="VALIDATED" id="401553D3-51DD-1A5B-F267-BCF3D0EDBB15">
               <precision>0</precision>
               <reference>false</reference>
               <scale>0</scale>
               <size>0</size>
               <typeID>LOGDT019</typeID>
            </Parameter>
            <Parameter class="oracle.dbtools.crest.model.design.datatypes.MethodParam" name="WELLFORMED" id="447FC277-6644-2BA2-2F54-0FECB9F24B03">
               <precision>0</precision>
               <reference>false</reference>
               <scale>0</scale>
               <size>0</size>
               <typeID>LOGDT019</typeID>
            </Parameter>
         </parameters>
      </Method>
      <Method class="oracle.dbtools.crest.model.design.datatypes.Method" name="XMLTYPE" id="7A671DA0-F4CA-9745-6C4C-BD1EE6E0A0AE">
         <createdBy>Administrator</createdBy>
         <createdTime>2008-11-20 16:11:35 UTC</createdTime>
         <changedBy>Administrator</changedBy>
         <changedTime>2008-11-20 16:11:35 UTC</changedTime>
         <ownerDesignName>525_OE</ownerDesignName>
         <constructor>true</constructor>
         <number>0</number>
         <parameters>
            <Parameter class="oracle.dbtools.crest.model.design.datatypes.MethodParam" name="XMLDATA" id="B13E2873-2A08-B589-1301-01FF97B28F17">
               <precision>0</precision>
               <reference>false</reference>
               <scale>0</scale>
               <size>0</size>
               <typeID>LogDes-7DD553FD-11E8-61FA-399D-2E531FB621D0@LOGDT10034</typeID>
            </Parameter>
            <Parameter class="oracle.dbtools.crest.model.design.datatypes.MethodParam" name="CSID" id="6220E7C4-87FA-51B9-0F5C-A4EA597B34FF">
               <precision>0</precision>
               <reference>false</reference>
               <scale>0</scale>
               <size>0</size>
               <typeID>LOGDT019</typeID>
            </Parameter>
            <Parameter class="oracle.dbtools.crest.model.design.datatypes.MethodParam" name="SCHEMA" id="C097DDD9-BB8C-29D6-803B-08407B506078">
               <precision>0</precision>
               <reference>false</reference>
               <scale>0</scale>
               <size>0</size>
               <typeID>LOGDT024</typeID>
            </Parameter>
            <Parameter class="oracle.dbtools.crest.model.design.datatypes.MethodParam" name="VALIDATED" id="81EAC396-8106-55B7-BFC9-299298CE4D0E">
               <precision>0</precision>
               <reference>false</reference>
               <scale>0</scale>
               <size>0</size>
               <typeID>LOGDT019</typeID>
            </Parameter>
            <Parameter class="oracle.dbtools.crest.model.design.datatypes.MethodParam" name="WELLFORMED" id="631980C9-22D7-B755-46C7-BBCBF177F9F4">
               <precision>0</precision>
               <reference>false</reference>
               <scale>0</scale>
               <size>0</size>
               <typeID>LOGDT019</typeID>
            </Parameter>
         </parameters>
      </Method>
      <Method class="oracle.dbtools.crest.model.design.datatypes.Method" name="XMLTYPE" id="F868B905-4888-46D1-C63D-C897FA07E6F6">
         <createdBy>Administrator</createdBy>
         <createdTime>2008-11-20 16:11:35 UTC</createdTime>
         <changedBy>Administrator</changedBy>
         <changedTime>2008-11-20 16:11:35 UTC</changedTime>
         <ownerDesignName>525_OE</ownerDesignName>
         <constructor>true</constructor>
         <number>0</number>
         <parameters>
            <Parameter class="oracle.dbtools.crest.model.design.datatypes.MethodParam" name="XMLDATA" id="5AF093AC-E7EA-C1D8-0E5E-97358C722C97">
               <precision>0</precision>
               <reference>false</reference>
               <scale>0</scale>
               <size>0</size>
               <typeID>LOGDT024</typeID>
            </Parameter>
            <Parameter class="oracle.dbtools.crest.model.design.datatypes.MethodParam" name="SCHEMA" id="29663C61-7375-EB59-6AA9-3ED17277A599">
               <precision>0</precision>
               <reference>false</reference>
               <scale>0</scale>
               <size>0</size>
               <typeID>LOGDT024</typeID>
            </Parameter>
            <Parameter class="oracle.dbtools.crest.model.design.datatypes.MethodParam" name="VALIDATED" id="9090B6D1-C022-2B0E-C5ED-3458C7D22EAB">
               <precision>0</precision>
               <reference>false</reference>
               <scale>0</scale>
               <size>0</size>
               <typeID>LOGDT019</typeID>
            </Parameter>
            <Parameter class="oracle.dbtools.crest.model.design.datatypes.MethodParam" name="WELLFORMED" id="F36F32E0-C1CA-4AFA-46D1-088E6481D146">
               <precision>0</precision>
               <reference>false</reference>
               <scale>0</scale>
               <size>0</size>
               <typeID>LOGDT019</typeID>
            </Parameter>
         </parameters>
      </Method>
      <Method class="oracle.dbtools.crest.model.design.datatypes.Method" name="XMLTYPE" id="33DBCA7E-7FC6-04C9-65CB-2DBE25B8B2FA">
         <createdBy>Administrator</createdBy>
         <createdTime>2008-11-20 16:11:35 UTC</createdTime>
         <changedBy>Administrator</changedBy>
         <changedTime>2008-11-20 16:11:35 UTC</changedTime>
         <ownerDesignName>525_OE</ownerDesignName>
         <constructor>true</constructor>
         <number>0</number>
         <parameters>
            <Parameter class="oracle.dbtools.crest.model.design.datatypes.MethodParam" name="XMLDATA" id="A5D5D3A3-A658-87B7-AAF7-77B339C8AB68">
               <precision>0</precision>
               <reference>false</reference>
               <scale>0</scale>
               <size>0</size>
               <typeID>LOGDT017</typeID>
            </Parameter>
            <Parameter class="oracle.dbtools.crest.model.design.datatypes.MethodParam" name="SCHEMA" id="9EC2B23F-A940-99CE-3E0B-7E9169B7D8DD">
               <precision>0</precision>
               <reference>false</reference>
               <scale>0</scale>
               <size>0</size>
               <typeID>LOGDT024</typeID>
            </Parameter>
            <Parameter class="oracle.dbtools.crest.model.design.datatypes.MethodParam" name="ELEMENT" id="0C8C301B-2D8F-4A02-0223-0567B3687679">
               <precision>0</precision>
               <reference>false</reference>
               <scale>0</scale>
               <size>0</size>
               <typeID>LOGDT024</typeID>
            </Parameter>
            <Parameter class="oracle.dbtools.crest.model.design.datatypes.MethodParam" name="VALIDATED" id="9E605BA2-EADF-6F8F-4125-BA27B09FFC8F">
               <precision>0</precision>
               <reference>false</reference>
               <scale>0</scale>
               <size>0</size>
               <typeID>LOGDT019</typeID>
            </Parameter>
         </parameters>
      </Method>
      <Method class="oracle.dbtools.crest.model.design.datatypes.Method" name="XMLTYPE" id="2EC4CA4C-A9C8-8783-8967-3C006F476FAD">
         <createdBy>Administrator</createdBy>
         <createdTime>2008-11-20 16:11:35 UTC</createdTime>
         <changedBy>Administrator</changedBy>
         <changedTime>2008-11-20 16:11:35 UTC</changedTime>
         <ownerDesignName>525_OE</ownerDesignName>
         <constructor>true</constructor>
         <number>0</number>
         <parameters>
            <Parameter class="oracle.dbtools.crest.model.design.datatypes.MethodParam" name="XMLDATA" id="06FB9EBE-0D57-F2A6-80FD-D61DA8650A45">
               <precision>0</precision>
               <reference>false</reference>
               <scale>0</scale>
               <size>0</size>
               <typeID>LogDes-F046B719-7D91-3873-3302-38C441683842@LOGDT10010</typeID>
            </Parameter>
            <Parameter class="oracle.dbtools.crest.model.design.datatypes.MethodParam" name="SCHEMA" id="AC573654-DA34-2D3D-E592-E633A3A5DDD6">
               <precision>0</precision>
               <reference>false</reference>
               <scale>0</scale>
               <size>0</size>
               <typeID>LOGDT024</typeID>
            </Parameter>
            <Parameter class="oracle.dbtools.crest.model.design.datatypes.MethodParam" name="ELEMENT" id="E0C626AF-F8D9-7A18-AF31-9D4C8E334A33">
               <precision>0</precision>
               <reference>false</reference>
               <scale>0</scale>
               <size>0</size>
               <typeID>LOGDT024</typeID>
            </Parameter>
            <Parameter class="oracle.dbtools.crest.model.design.datatypes.MethodParam" name="VALIDATED" id="26C60F6F-4C8B-C85C-CE97-53D725B3A5CC">
               <precision>0</precision>
               <reference>false</reference>
               <scale>0</scale>
               <size>0</size>
               <typeID>LOGDT019</typeID>
            </Parameter>
         </parameters>
      </Method>
      <Method class="oracle.dbtools.crest.model.design.datatypes.Method" name="XMLTYPE" id="223A1AE4-409B-2973-FC13-51502E479D53">
         <createdBy>Administrator</createdBy>
         <createdTime>2008-11-20 16:11:35 UTC</createdTime>
         <changedBy>Administrator</changedBy>
         <changedTime>2008-11-20 16:11:35 UTC</changedTime>
         <ownerDesignName>525_OE</ownerDesignName>
         <constructor>true</constructor>
         <number>0</number>
         <parameters>
            <Parameter class="oracle.dbtools.crest.model.design.datatypes.MethodParam" name="XMLDATA" id="D6754F45-FFAA-2DBC-52C4-EEB275F13FFE">
               <precision>0</precision>
               <reference>false</reference>
               <scale>0</scale>
               <size>0</size>
               <typeID>LOGDT017</typeID>
            </Parameter>
            <Parameter class="oracle.dbtools.crest.model.design.datatypes.MethodParam" name="SCHEMA" id="D8F7B0D2-BE9B-D8FE-A1A8-554A4FAC8BB2">
               <precision>0</precision>
               <reference>false</reference>
               <scale>0</scale>
               <size>0</size>
               <typeID>LOGDT024</typeID>
            </Parameter>
            <Parameter class="oracle.dbtools.crest.model.design.datatypes.MethodParam" name="ELEMENT" id="C62A9334-F9D3-4C14-9A30-6B2DFC606BCF">
               <precision>0</precision>
               <reference>false</reference>
               <scale>0</scale>
               <size>0</size>
               <typeID>LOGDT024</typeID>
            </Parameter>
            <Parameter class="oracle.dbtools.crest.model.design.datatypes.MethodParam" name="VALIDATED" id="6348135F-740B-D764-048C-A00BC109D33B">
               <precision>0</precision>
               <reference>false</reference>
               <scale>0</scale>
               <size>0</size>
               <typeID>LOGDT019</typeID>
            </Parameter>
         </parameters>
      </Method>
   </methods>
</StructuredType>