<?xml version = '1.0' encoding = 'UTF-8'?>
<TableProxyOraclev11g class="oracle.dbtools.crest.model.design.storage.oracle.v11g.TableProxyOraclev11g" name="COUNTRIES" id="08A70725-8D8C-FDE5-9ABC-4C7EAF2AF162" directorySegmentName="seg_0">
   <createdBy>smharper</createdBy>
   <createdTime>2011-01-07 12:34:12 UTC</createdTime>
   <changedBy>smharper</changedBy>
   <changedTime>2011-01-07 12:34:12 UTC</changedTime>
   <ownerDesignName>HR</ownerDesignName>
   <logging>YES</logging>
   <columnProxies>
      <ColumnProxy class="oracle.dbtools.crest.model.design.storage.oracle.v11g.ColumnProxyOraclev11g" name="REGION_ID" id="5A5727FB-0DA6-1335-EDCA-1D25765F3EE0">
         <createdBy>smharper</createdBy>
         <createdTime>2011-01-07 12:34:12 UTC</createdTime>
         <changedBy>smharper</changedBy>
         <changedTime>2011-01-07 12:34:12 UTC</changedTime>
         <ownerDesignName>HR</ownerDesignName>
      </ColumnProxy>
      <ColumnProxy class="oracle.dbtools.crest.model.design.storage.oracle.v11g.ColumnProxyOraclev11g" name="COUNTRY_ID" id="946F352F-E110-C771-1C5F-F59C554A353B">
         <createdBy>smharper</createdBy>
         <createdTime>2011-01-07 12:34:12 UTC</createdTime>
         <changedBy>smharper</changedBy>
         <changedTime>2011-01-07 12:34:12 UTC</changedTime>
         <ownerDesignName>HR</ownerDesignName>
      </ColumnProxy>
      <ColumnProxy class="oracle.dbtools.crest.model.design.storage.oracle.v11g.ColumnProxyOraclev11g" name="COUNTRY_NAME" id="9FFBC59C-47E6-BF5F-048B-92A5B4ECBDA0">
         <createdBy>smharper</createdBy>
         <createdTime>2011-01-07 12:34:12 UTC</createdTime>
         <changedBy>smharper</changedBy>
         <changedTime>2011-01-07 12:34:12 UTC</changedTime>
         <ownerDesignName>HR</ownerDesignName>
      </ColumnProxy>
   </columnProxies>
   <foreignKeys>
      <ForeignKey class="oracle.dbtools.crest.model.design.storage.oracle.v10g.FKProxyOraclev10g" name="COUNTR_REG_FK" id="F4BEA952-5B74-1B3C-1349-DCE3A9ACAAA7">
         <createdBy>smharper</createdBy>
         <createdTime>2011-01-07 12:34:12 UTC</createdTime>
         <changedBy>smharper</changedBy>
         <changedTime>2011-01-07 12:34:12 UTC</changedTime>
         <ownerDesignName>HR</ownerDesignName>
      </ForeignKey>
   </foreignKeys>
   <primaryKeys>
      <PrimaryKey class="oracle.dbtools.crest.model.design.storage.oracle.v10g.PKProxyOraclev10g" name="COUNTRY_C_ID_PK" id="8FA9C23C-3C57-58F7-5C49-6B83B2B45D51">
         <createdBy>smharper</createdBy>
         <createdTime>2011-01-07 12:34:12 UTC</createdTime>
         <changedBy>smharper</changedBy>
         <changedTime>2011-01-07 12:34:12 UTC</changedTime>
         <ownerDesignName>HR</ownerDesignName>
         <indexSort>NO</indexSort>
      </PrimaryKey>
   </primaryKeys>
</TableProxyOraclev11g>