<?xml version = '1.0' encoding = 'UTF-8'?>
<TableProxyOraclev11g class="oracle.dbtools.crest.model.design.storage.oracle.v11g.TableProxyOraclev11g" name="JOBS" id="13556BE3-A519-858B-6CC2-E2C832741F57" directorySegmentName="seg_0">
   <createdBy>smharper</createdBy>
   <createdTime>2011-01-07 12:34:12 UTC</createdTime>
   <changedBy>smharper</changedBy>
   <changedTime>2011-01-07 12:34:12 UTC</changedTime>
   <ownerDesignName>HR</ownerDesignName>
   <logging>YES</logging>
   <columnProxies>
      <ColumnProxy class="oracle.dbtools.crest.model.design.storage.oracle.v11g.ColumnProxyOraclev11g" name="MIN_SALARY" id="0951618D-5031-EA28-89BD-F816700FBB7A">
         <createdBy>smharper</createdBy>
         <createdTime>2011-01-07 12:34:12 UTC</createdTime>
         <changedBy>smharper</changedBy>
         <changedTime>2011-01-07 12:34:12 UTC</changedTime>
         <ownerDesignName>HR</ownerDesignName>
      </ColumnProxy>
      <ColumnProxy class="oracle.dbtools.crest.model.design.storage.oracle.v11g.ColumnProxyOraclev11g" name="MAX_SALARY" id="3237661C-1F96-486D-A341-F1B813C06F00">
         <createdBy>smharper</createdBy>
         <createdTime>2011-01-07 12:34:12 UTC</createdTime>
         <changedBy>smharper</changedBy>
         <changedTime>2011-01-07 12:34:12 UTC</changedTime>
         <ownerDesignName>HR</ownerDesignName>
      </ColumnProxy>
      <ColumnProxy class="oracle.dbtools.crest.model.design.storage.oracle.v11g.ColumnProxyOraclev11g" name="JOB_TITLE" id="9A2A70CA-6D70-53F2-1FE4-D9BA2F80776E">
         <createdBy>smharper</createdBy>
         <createdTime>2011-01-07 12:34:12 UTC</createdTime>
         <changedBy>smharper</changedBy>
         <changedTime>2011-01-07 12:34:12 UTC</changedTime>
         <ownerDesignName>HR</ownerDesignName>
      </ColumnProxy>
      <ColumnProxy class="oracle.dbtools.crest.model.design.storage.oracle.v11g.ColumnProxyOraclev11g" name="JOB_ID" id="FA4DCA0A-E5B8-00B0-B509-CC8051E85105">
         <createdBy>smharper</createdBy>
         <createdTime>2011-01-07 12:34:12 UTC</createdTime>
         <changedBy>smharper</changedBy>
         <changedTime>2011-01-07 12:34:12 UTC</changedTime>
         <ownerDesignName>HR</ownerDesignName>
      </ColumnProxy>
   </columnProxies>
   <primaryKeys>
      <PrimaryKey class="oracle.dbtools.crest.model.design.storage.oracle.v10g.PKProxyOraclev10g" name="JOB_ID_PK" id="CEAAE119-4DDB-B874-F2B2-772F21F1E461">
         <createdBy>smharper</createdBy>
         <createdTime>2011-01-07 12:34:12 UTC</createdTime>
         <changedBy>smharper</changedBy>
         <changedTime>2011-01-07 12:34:12 UTC</changedTime>
         <ownerDesignName>HR</ownerDesignName>
         <indexSort>NO</indexSort>
      </PrimaryKey>
   </primaryKeys>
</TableProxyOraclev11g>