<?xml version = '1.0' encoding = 'UTF-8'?>
<TableProxyOraclev11g class="oracle.dbtools.crest.model.design.storage.oracle.v11g.TableProxyOraclev11g" name="REGIONS" id="21FFB2B6-7FE4-A57F-FFC1-A7C5D5442A2D" directorySegmentName="seg_0">
   <createdBy>smharper</createdBy>
   <createdTime>2011-01-07 12:34:12 UTC</createdTime>
   <changedBy>smharper</changedBy>
   <changedTime>2011-01-07 12:34:12 UTC</changedTime>
   <ownerDesignName>HR</ownerDesignName>
   <logging>YES</logging>
   <columnProxies>
      <ColumnProxy class="oracle.dbtools.crest.model.design.storage.oracle.v11g.ColumnProxyOraclev11g" name="REGION_NAME" id="045C39CF-A61A-24AE-AE8B-8AFBAAD46B3B">
         <createdBy>smharper</createdBy>
         <createdTime>2011-01-07 12:34:12 UTC</createdTime>
         <changedBy>smharper</changedBy>
         <changedTime>2011-01-07 12:34:12 UTC</changedTime>
         <ownerDesignName>HR</ownerDesignName>
      </ColumnProxy>
      <ColumnProxy class="oracle.dbtools.crest.model.design.storage.oracle.v11g.ColumnProxyOraclev11g" name="REGION_ID" id="910A3D82-A333-8B10-57E3-BC00D21F048D">
         <createdBy>smharper</createdBy>
         <createdTime>2011-01-07 12:34:12 UTC</createdTime>
         <changedBy>smharper</changedBy>
         <changedTime>2011-01-07 12:34:12 UTC</changedTime>
         <ownerDesignName>HR</ownerDesignName>
      </ColumnProxy>
   </columnProxies>
   <primaryKeys>
      <PrimaryKey class="oracle.dbtools.crest.model.design.storage.oracle.v10g.PKProxyOraclev10g" name="REG_ID_PK" id="06D8541D-7BEF-3162-50F1-3F7293886AB3">
         <createdBy>smharper</createdBy>
         <createdTime>2011-01-07 12:34:12 UTC</createdTime>
         <changedBy>smharper</changedBy>
         <changedTime>2011-01-07 12:34:12 UTC</changedTime>
         <ownerDesignName>HR</ownerDesignName>
         <indexSort>NO</indexSort>
      </PrimaryKey>
   </primaryKeys>
</TableProxyOraclev11g>