<?xml version = '1.0' encoding = 'UTF-8'?>
<TableProxyOraclev11g class="oracle.dbtools.crest.model.design.storage.oracle.v11g.TableProxyOraclev11g" name="LOCATIONS" id="7F9F1810-B04F-2188-81CF-B05B6FCE4D67" directorySegmentName="seg_0">
   <createdBy>smharper</createdBy>
   <createdTime>2011-01-07 12:34:12 UTC</createdTime>
   <changedBy>smharper</changedBy>
   <changedTime>2011-01-07 12:34:12 UTC</changedTime>
   <ownerDesignName>HR</ownerDesignName>
   <logging>YES</logging>
   <columnProxies>
      <ColumnProxy class="oracle.dbtools.crest.model.design.storage.oracle.v11g.ColumnProxyOraclev11g" name="LOCATION_ID" id="052461E7-B84B-30E9-3DCE-08EFA8E0F375">
         <createdBy>smharper</createdBy>
         <createdTime>2011-01-07 12:34:12 UTC</createdTime>
         <changedBy>smharper</changedBy>
         <changedTime>2011-01-07 12:34:12 UTC</changedTime>
         <ownerDesignName>HR</ownerDesignName>
      </ColumnProxy>
      <ColumnProxy class="oracle.dbtools.crest.model.design.storage.oracle.v11g.ColumnProxyOraclev11g" name="STATE_PROVINCE" id="3282D64D-4E6F-4BDC-703D-5ECAC3021D83">
         <createdBy>smharper</createdBy>
         <createdTime>2011-01-07 12:34:12 UTC</createdTime>
         <changedBy>smharper</changedBy>
         <changedTime>2011-01-07 12:34:12 UTC</changedTime>
         <ownerDesignName>HR</ownerDesignName>
      </ColumnProxy>
      <ColumnProxy class="oracle.dbtools.crest.model.design.storage.oracle.v11g.ColumnProxyOraclev11g" name="STREET_ADDRESS" id="4A3BA5F9-1F80-DDF3-5B9B-6B33E6DEE965">
         <createdBy>smharper</createdBy>
         <createdTime>2011-01-07 12:34:12 UTC</createdTime>
         <changedBy>smharper</changedBy>
         <changedTime>2011-01-07 12:34:12 UTC</changedTime>
         <ownerDesignName>HR</ownerDesignName>
      </ColumnProxy>
      <ColumnProxy class="oracle.dbtools.crest.model.design.storage.oracle.v11g.ColumnProxyOraclev11g" name="CITY" id="553B6B81-616C-19D4-0969-29CCCA0AA93E">
         <createdBy>smharper</createdBy>
         <createdTime>2011-01-07 12:34:12 UTC</createdTime>
         <changedBy>smharper</changedBy>
         <changedTime>2011-01-07 12:34:12 UTC</changedTime>
         <ownerDesignName>HR</ownerDesignName>
      </ColumnProxy>
      <ColumnProxy class="oracle.dbtools.crest.model.design.storage.oracle.v11g.ColumnProxyOraclev11g" name="POSTAL_CODE" id="9F3A1B99-7651-AD91-CA84-B1399E48A4BB">
         <createdBy>smharper</createdBy>
         <createdTime>2011-01-07 12:34:12 UTC</createdTime>
         <changedBy>smharper</changedBy>
         <changedTime>2011-01-07 12:34:12 UTC</changedTime>
         <ownerDesignName>HR</ownerDesignName>
      </ColumnProxy>
      <ColumnProxy class="oracle.dbtools.crest.model.design.storage.oracle.v11g.ColumnProxyOraclev11g" name="COUNTRY_ID" id="E7A0FA76-DF1E-3B43-8655-897184C44EFE">
         <createdBy>smharper</createdBy>
         <createdTime>2011-01-07 12:34:12 UTC</createdTime>
         <changedBy>smharper</changedBy>
         <changedTime>2011-01-07 12:34:12 UTC</changedTime>
         <ownerDesignName>HR</ownerDesignName>
      </ColumnProxy>
   </columnProxies>
   <indexProxies>
      <IndexProxy class="oracle.dbtools.crest.model.design.storage.oracle.v10g.IndexProxyOraclev10g" name="LOC_STATE_PROV_IX" id="7ED22DA7-F4FF-84A3-AA6F-4458D3CDB19E">
         <createdBy>smharper</createdBy>
         <createdTime>2011-01-07 12:34:12 UTC</createdTime>
         <changedBy>smharper</changedBy>
         <changedTime>2011-01-07 12:34:12 UTC</changedTime>
         <ownerDesignName>HR</ownerDesignName>
      </IndexProxy>
      <IndexProxy class="oracle.dbtools.crest.model.design.storage.oracle.v10g.IndexProxyOraclev10g" name="LOC_CITY_IX" id="DA76E32C-0353-0F9C-FED7-6141F9D5910C">
         <createdBy>smharper</createdBy>
         <createdTime>2011-01-07 12:34:12 UTC</createdTime>
         <changedBy>smharper</changedBy>
         <changedTime>2011-01-07 12:34:12 UTC</changedTime>
         <ownerDesignName>HR</ownerDesignName>
      </IndexProxy>
      <IndexProxy class="oracle.dbtools.crest.model.design.storage.oracle.v10g.IndexProxyOraclev10g" name="LOC_COUNTRY_IX" id="E245C2B6-5071-310F-F576-7325A4719276">
         <createdBy>smharper</createdBy>
         <createdTime>2011-01-07 12:34:12 UTC</createdTime>
         <changedBy>smharper</changedBy>
         <changedTime>2011-01-07 12:34:12 UTC</changedTime>
         <ownerDesignName>HR</ownerDesignName>
      </IndexProxy>
   </indexProxies>
   <foreignKeys>
      <ForeignKey class="oracle.dbtools.crest.model.design.storage.oracle.v10g.FKProxyOraclev10g" name="LOC_C_ID_FK" id="8770A763-99E3-BB77-AA5A-58C8C6A608BD">
         <createdBy>smharper</createdBy>
         <createdTime>2011-01-07 12:34:12 UTC</createdTime>
         <changedBy>smharper</changedBy>
         <changedTime>2011-01-07 12:34:12 UTC</changedTime>
         <ownerDesignName>HR</ownerDesignName>
      </ForeignKey>
   </foreignKeys>
   <primaryKeys>
      <PrimaryKey class="oracle.dbtools.crest.model.design.storage.oracle.v10g.PKProxyOraclev10g" name="LOC_ID_PK" id="8BEA9465-8A9C-8234-2B8A-E633EE56DFB8">
         <createdBy>smharper</createdBy>
         <createdTime>2011-01-07 12:34:12 UTC</createdTime>
         <changedBy>smharper</changedBy>
         <changedTime>2011-01-07 12:34:12 UTC</changedTime>
         <ownerDesignName>HR</ownerDesignName>
         <indexSort>NO</indexSort>
      </PrimaryKey>
   </primaryKeys>
</TableProxyOraclev11g>