<?xml version = '1.0' encoding = 'UTF-8'?>
<SequenceOraclev10g class="oracle.dbtools.crest.model.design.storage.oracle.v10g.SequenceOraclev10g" name="LOCATIONS_SEQ" id="8DAEDC72-3593-FBAF-24D3-CDB539F868BC" directorySegmentName="seg_0">
   <createdBy>smharper</createdBy>
   <createdTime>2011-01-07 12:41:54 UTC</createdTime>
   <changedBy>smharper</changedBy>
   <changedTime>2011-01-07 12:41:54 UTC</changedTime>
   <ownerDesignName>HR</ownerDesignName>
   <incrementBy>100</incrementBy>
   <maxValue>9900</maxValue>
   <minValue>1</minValue>
   <noCache>YES</noCache>
   <user>EE6F9ED6-58A2-321F-F2B4-F1A5C674FA95</user>
</SequenceOraclev10g>