<?xml version = '1.0' encoding = 'UTF-8'?>
<SequenceOraclev10g class="oracle.dbtools.crest.model.design.storage.oracle.v10g.SequenceOraclev10g" name="DEPARTMENTS_SEQ" id="CD9A7B50-A1DC-0BA1-6E43-C6A023601F77" directorySegmentName="seg_0">
   <createdBy>smharper</createdBy>
   <createdTime>2011-01-07 12:41:54 UTC</createdTime>
   <changedBy>smharper</changedBy>
   <changedTime>2011-01-07 12:41:54 UTC</changedTime>
   <ownerDesignName>HR</ownerDesignName>
   <incrementBy>10</incrementBy>
   <maxValue>9990</maxValue>
   <minValue>1</minValue>
   <noCache>YES</noCache>
   <user>EE6F9ED6-58A2-321F-F2B4-F1A5C674FA95</user>
</SequenceOraclev10g>