<?xml version = '1.0' encoding = 'UTF-8'?>
<SequenceOraclev10g class="oracle.dbtools.crest.model.design.storage.oracle.v10g.SequenceOraclev10g" name="EMPLOYEES_SEQ" id="DF585E88-86A1-3DFC-844E-B2020DCCD503" directorySegmentName="seg_0">
   <createdBy>smharper</createdBy>
   <createdTime>2011-01-07 12:41:54 UTC</createdTime>
   <changedBy>smharper</changedBy>
   <changedTime>2011-01-07 12:41:54 UTC</changedTime>
   <ownerDesignName>HR</ownerDesignName>
   <incrementBy>1</incrementBy>
   <maxValue>9999999999999999999999999999</maxValue>
   <minValue>1</minValue>
   <noCache>YES</noCache>
   <user>EE6F9ED6-58A2-321F-F2B4-F1A5C674FA95</user>
</SequenceOraclev10g>