<?xml version = '1.0' encoding = 'UTF-8'?>
<CollectionTypeProxyOraclev10g class="oracle.dbtools.crest.model.design.storage.oracle.v10g.CollectionTypeProxyOraclev10g" name="PHONE_LIST_TYP" id="48266FC4-A570-2EE2-13CB-768782D95645" directorySegmentName="seg_0">
   <createdBy>smharper</createdBy>
   <createdTime>2011-01-07 13:02:56 UTC</createdTime>
   <changedBy>smharper</changedBy>
   <changedTime>2011-01-07 13:02:56 UTC</changedTime>
   <ownerDesignName>OE</ownerDesignName>
</CollectionTypeProxyOraclev10g>