<?xml version = '1.0' encoding = 'UTF-8'?>
<LogicalDesign class="oracle.dbtools.crest.model.design.logical.LogicalDesign" name="Logical" id="52F88E4B-9DE8-FA6C-CC18-2EE0320B03C1" mainViewID="94B2C577-B66A-8C76-D0B5-80523F55E16D">
   <createdBy>smharper</createdBy>
   <createdTime>2011-01-06 19:14:47 UTC</createdTime>
   <changedBy>smharper</changedBy>
   <changedTime>2011-01-06 19:14:47 UTC</changedTime>
   <ownerDesignName>OE</ownerDesignName>
   <shouldBeOpen>false</shouldBeOpen>
</LogicalDesign>