<?xml version = '1.0' encoding = 'UTF-8'?>
<StructuredTypeProxyOraclev10g class="oracle.dbtools.crest.model.design.storage.oracle.v10g.StructuredTypeProxyOraclev10g" name="LEAF_CATEGORY_TYP" id="935574B9-FE76-EBDB-4455-E7BA6B34213A" directorySegmentName="seg_0">
   <createdBy>smharper</createdBy>
   <createdTime>2011-01-07 13:02:56 UTC</createdTime>
   <changedBy>smharper</changedBy>
   <changedTime>2011-01-07 13:02:56 UTC</changedTime>
   <ownerDesignName>OE</ownerDesignName>
   <attributes>
      <Attribute class="oracle.dbtools.crest.model.design.storage.oracle.v10g.TypeElementProxyOraclev10g" name="PRODUCT_REF_LIST" id="61DC2244-1C7A-9D31-1320-6FE8E4792093">
         <createdBy>smharper</createdBy>
         <createdTime>2011-01-07 13:02:56 UTC</createdTime>
         <changedBy>smharper</changedBy>
         <changedTime>2011-01-07 13:02:56 UTC</changedTime>
         <ownerDesignName>OE</ownerDesignName>
      </Attribute>
   </attributes>
   <methods>
      <Method class="oracle.dbtools.crest.model.design.storage.oracle.v10g.MethodProxyOraclev10g" name="CATEGORY_DESCRIBE" id="42D64771-D386-40E6-CA79-E00EDA2027FA">
         <createdBy>smharper</createdBy>
         <createdTime>2011-01-07 13:02:56 UTC</createdTime>
         <changedBy>smharper</changedBy>
         <changedTime>2011-01-07 13:02:56 UTC</changedTime>
         <ownerDesignName>OE</ownerDesignName>
         <bodyChanged>false</bodyChanged>
         <plSQLBody>BEGIN&amp;lt;br&amp;gt;       RETURN  &amp;apos;leaf_category_typ&amp;apos;;&amp;lt;br&amp;gt;    END;&amp;lt;br&amp;gt;   </plSQLBody>
      </Method>
   </methods>
</StructuredTypeProxyOraclev10g>