<?xml version = '1.0' encoding = 'UTF-8'?>
<StructuredTypeProxyOraclev10g class="oracle.dbtools.crest.model.design.storage.oracle.v10g.StructuredTypeProxyOraclev10g" name="LINEITEM_T" id="A65225D2-2732-443A-75CB-506FDCF0B983" directorySegmentName="seg_0">
   <createdBy>smharper</createdBy>
   <createdTime>2011-01-07 13:02:56 UTC</createdTime>
   <changedBy>smharper</changedBy>
   <changedTime>2011-01-07 13:02:56 UTC</changedTime>
   <ownerDesignName>OE</ownerDesignName>
   <attributes>
      <Attribute class="oracle.dbtools.crest.model.design.storage.oracle.v10g.TypeElementProxyOraclev10g" name="SYS_XDBPD$" id="145FE2AE-D5F0-CA00-C7EC-6AFBA20BC502">
         <createdBy>smharper</createdBy>
         <createdTime>2011-01-07 13:02:56 UTC</createdTime>
         <changedBy>smharper</changedBy>
         <changedTime>2011-01-07 13:02:56 UTC</changedTime>
         <ownerDesignName>OE</ownerDesignName>
      </Attribute>
      <Attribute class="oracle.dbtools.crest.model.design.storage.oracle.v10g.TypeElementProxyOraclev10g" name="ITEMNUMBER" id="38861AC4-5740-065C-7579-33BC7AE15D1C">
         <createdBy>smharper</createdBy>
         <createdTime>2011-01-07 13:02:56 UTC</createdTime>
         <changedBy>smharper</changedBy>
         <changedTime>2011-01-07 13:02:56 UTC</changedTime>
         <ownerDesignName>OE</ownerDesignName>
      </Attribute>
      <Attribute class="oracle.dbtools.crest.model.design.storage.oracle.v10g.TypeElementProxyOraclev10g" name="DESCRIPTION" id="5BCD4FF1-A874-4A3D-12AF-270865DD6FE5">
         <createdBy>smharper</createdBy>
         <createdTime>2011-01-07 13:02:56 UTC</createdTime>
         <changedBy>smharper</changedBy>
         <changedTime>2011-01-07 13:02:56 UTC</changedTime>
         <ownerDesignName>OE</ownerDesignName>
      </Attribute>
      <Attribute class="oracle.dbtools.crest.model.design.storage.oracle.v10g.TypeElementProxyOraclev10g" name="PART" id="F05231A4-275D-E758-32B6-F3989089ABA7">
         <createdBy>smharper</createdBy>
         <createdTime>2011-01-07 13:02:56 UTC</createdTime>
         <changedBy>smharper</changedBy>
         <changedTime>2011-01-07 13:02:56 UTC</changedTime>
         <ownerDesignName>OE</ownerDesignName>
      </Attribute>
   </attributes>
</StructuredTypeProxyOraclev10g>