<?xml version = '1.0' encoding = 'UTF-8'?>
<StructuredTypeProxyOraclev10g class="oracle.dbtools.crest.model.design.storage.oracle.v10g.StructuredTypeProxyOraclev10g" name="REJECTION_T" id="A92A5F30-019C-622A-8A05-FB7AA8D5F9B7" directorySegmentName="seg_0">
   <createdBy>smharper</createdBy>
   <createdTime>2011-01-07 13:02:56 UTC</createdTime>
   <changedBy>smharper</changedBy>
   <changedTime>2011-01-07 13:02:56 UTC</changedTime>
   <ownerDesignName>OE</ownerDesignName>
   <attributes>
      <Attribute class="oracle.dbtools.crest.model.design.storage.oracle.v10g.TypeElementProxyOraclev10g" name="DATE_REJECTED" id="3B98C0E2-863A-D7DF-2853-906EB8A58EE3">
         <createdBy>smharper</createdBy>
         <createdTime>2011-01-07 13:02:56 UTC</createdTime>
         <changedBy>smharper</changedBy>
         <changedTime>2011-01-07 13:02:56 UTC</changedTime>
         <ownerDesignName>OE</ownerDesignName>
      </Attribute>
      <Attribute class="oracle.dbtools.crest.model.design.storage.oracle.v10g.TypeElementProxyOraclev10g" name="REASON_REJECTED" id="53400088-7668-66EE-5D19-1DA53B6E3F7F">
         <createdBy>smharper</createdBy>
         <createdTime>2011-01-07 13:02:56 UTC</createdTime>
         <changedBy>smharper</changedBy>
         <changedTime>2011-01-07 13:02:56 UTC</changedTime>
         <ownerDesignName>OE</ownerDesignName>
      </Attribute>
      <Attribute class="oracle.dbtools.crest.model.design.storage.oracle.v10g.TypeElementProxyOraclev10g" name="SYS_XDBPD$" id="89576835-BCC3-8DF4-4465-C65274093513">
         <createdBy>smharper</createdBy>
         <createdTime>2011-01-07 13:02:56 UTC</createdTime>
         <changedBy>smharper</changedBy>
         <changedTime>2011-01-07 13:02:56 UTC</changedTime>
         <ownerDesignName>OE</ownerDesignName>
      </Attribute>
      <Attribute class="oracle.dbtools.crest.model.design.storage.oracle.v10g.TypeElementProxyOraclev10g" name="REJECTED_BY" id="ADA4BFC6-8BAA-1A9D-DED7-991ACBC943D3">
         <createdBy>smharper</createdBy>
         <createdTime>2011-01-07 13:02:56 UTC</createdTime>
         <changedBy>smharper</changedBy>
         <changedTime>2011-01-07 13:02:56 UTC</changedTime>
         <ownerDesignName>OE</ownerDesignName>
      </Attribute>
   </attributes>
</StructuredTypeProxyOraclev10g>