<?xml version = '1.0' encoding = 'UTF-8'?>
<StructuredTypeProxyOraclev10g class="oracle.dbtools.crest.model.design.storage.oracle.v10g.StructuredTypeProxyOraclev10g" name="PART_T" id="D4531AD5-72E4-2793-D215-3E58E57B0A6C" directorySegmentName="seg_0">
   <createdBy>smharper</createdBy>
   <createdTime>2011-01-07 13:02:56 UTC</createdTime>
   <changedBy>smharper</changedBy>
   <changedTime>2011-01-07 13:02:56 UTC</changedTime>
   <ownerDesignName>OE</ownerDesignName>
   <attributes>
      <Attribute class="oracle.dbtools.crest.model.design.storage.oracle.v10g.TypeElementProxyOraclev10g" name="QUANTITY" id="54E25938-05D8-4318-5E0D-57BBCB93B1E6">
         <createdBy>smharper</createdBy>
         <createdTime>2011-01-07 13:02:56 UTC</createdTime>
         <changedBy>smharper</changedBy>
         <changedTime>2011-01-07 13:02:56 UTC</changedTime>
         <ownerDesignName>OE</ownerDesignName>
      </Attribute>
      <Attribute class="oracle.dbtools.crest.model.design.storage.oracle.v10g.TypeElementProxyOraclev10g" name="UNITPRICE" id="A2D20C5E-AC06-C1D1-A1C6-CEFC44E21414">
         <createdBy>smharper</createdBy>
         <createdTime>2011-01-07 13:02:56 UTC</createdTime>
         <changedBy>smharper</changedBy>
         <changedTime>2011-01-07 13:02:56 UTC</changedTime>
         <ownerDesignName>OE</ownerDesignName>
      </Attribute>
      <Attribute class="oracle.dbtools.crest.model.design.storage.oracle.v10g.TypeElementProxyOraclev10g" name="PART_NUMBER" id="BB05468F-E0A9-CE9D-023A-A843B7A72E0C">
         <createdBy>smharper</createdBy>
         <createdTime>2011-01-07 13:02:56 UTC</createdTime>
         <changedBy>smharper</changedBy>
         <changedTime>2011-01-07 13:02:56 UTC</changedTime>
         <ownerDesignName>OE</ownerDesignName>
      </Attribute>
      <Attribute class="oracle.dbtools.crest.model.design.storage.oracle.v10g.TypeElementProxyOraclev10g" name="SYS_XDBPD$" id="BD24735B-0735-7F83-4B3D-7172CB5B6CB4">
         <createdBy>smharper</createdBy>
         <createdTime>2011-01-07 13:02:56 UTC</createdTime>
         <changedBy>smharper</changedBy>
         <changedTime>2011-01-07 13:02:56 UTC</changedTime>
         <ownerDesignName>OE</ownerDesignName>
      </Attribute>
   </attributes>
</StructuredTypeProxyOraclev10g>