<?xml version = '1.0' encoding = 'UTF-8'?>
<StructuredTypeProxyOraclev10g class="oracle.dbtools.crest.model.design.storage.oracle.v10g.StructuredTypeProxyOraclev10g" name="CUSTOMER_TYP" id="D9FE7F6F-49DE-FB61-374E-C33A516674A6" directorySegmentName="seg_0">
   <createdBy>smharper</createdBy>
   <createdTime>2011-01-07 13:02:56 UTC</createdTime>
   <changedBy>smharper</changedBy>
   <changedTime>2011-01-07 13:02:56 UTC</changedTime>
   <ownerDesignName>OE</ownerDesignName>
   <attributes>
      <Attribute class="oracle.dbtools.crest.model.design.storage.oracle.v10g.TypeElementProxyOraclev10g" name="NLS_TERRITORY" id="0EE53B73-4750-421F-4FB7-E88EDB183E60">
         <createdBy>smharper</createdBy>
         <createdTime>2011-01-07 13:02:56 UTC</createdTime>
         <changedBy>smharper</changedBy>
         <changedTime>2011-01-07 13:02:56 UTC</changedTime>
         <ownerDesignName>OE</ownerDesignName>
      </Attribute>
      <Attribute class="oracle.dbtools.crest.model.design.storage.oracle.v10g.TypeElementProxyOraclev10g" name="CUST_EMAIL" id="1C2FDEF2-C54C-E802-8583-E3CAF89B1693">
         <createdBy>smharper</createdBy>
         <createdTime>2011-01-07 13:02:56 UTC</createdTime>
         <changedBy>smharper</changedBy>
         <changedTime>2011-01-07 13:02:56 UTC</changedTime>
         <ownerDesignName>OE</ownerDesignName>
      </Attribute>
      <Attribute class="oracle.dbtools.crest.model.design.storage.oracle.v10g.TypeElementProxyOraclev10g" name="CUST_LAST_NAME" id="20E049A0-9985-4359-FBA0-C83901AC106D">
         <createdBy>smharper</createdBy>
         <createdTime>2011-01-07 13:02:56 UTC</createdTime>
         <changedBy>smharper</changedBy>
         <changedTime>2011-01-07 13:02:56 UTC</changedTime>
         <ownerDesignName>OE</ownerDesignName>
      </Attribute>
      <Attribute class="oracle.dbtools.crest.model.design.storage.oracle.v10g.TypeElementProxyOraclev10g" name="NLS_LANGUAGE" id="51532250-2D67-66B0-2971-874D84CA485F">
         <createdBy>smharper</createdBy>
         <createdTime>2011-01-07 13:02:56 UTC</createdTime>
         <changedBy>smharper</changedBy>
         <changedTime>2011-01-07 13:02:56 UTC</changedTime>
         <ownerDesignName>OE</ownerDesignName>
      </Attribute>
      <Attribute class="oracle.dbtools.crest.model.design.storage.oracle.v10g.TypeElementProxyOraclev10g" name="CREDIT_LIMIT" id="6F7019C5-368B-947B-F1A0-08834C838974">
         <createdBy>smharper</createdBy>
         <createdTime>2011-01-07 13:02:56 UTC</createdTime>
         <changedBy>smharper</changedBy>
         <changedTime>2011-01-07 13:02:56 UTC</changedTime>
         <ownerDesignName>OE</ownerDesignName>
      </Attribute>
      <Attribute class="oracle.dbtools.crest.model.design.storage.oracle.v10g.TypeElementProxyOraclev10g" name="CUST_ADDRESS" id="739C9596-A4B1-18D6-6484-7694E3ED5A2F">
         <createdBy>smharper</createdBy>
         <createdTime>2011-01-07 13:02:56 UTC</createdTime>
         <changedBy>smharper</changedBy>
         <changedTime>2011-01-07 13:02:56 UTC</changedTime>
         <ownerDesignName>OE</ownerDesignName>
      </Attribute>
      <Attribute class="oracle.dbtools.crest.model.design.storage.oracle.v10g.TypeElementProxyOraclev10g" name="CUSTOMER_ID" id="BB39825A-BCA2-6F97-A1C3-F91C74A599C7">
         <createdBy>smharper</createdBy>
         <createdTime>2011-01-07 13:02:56 UTC</createdTime>
         <changedBy>smharper</changedBy>
         <changedTime>2011-01-07 13:02:56 UTC</changedTime>
         <ownerDesignName>OE</ownerDesignName>
      </Attribute>
      <Attribute class="oracle.dbtools.crest.model.design.storage.oracle.v10g.TypeElementProxyOraclev10g" name="PHONE_NUMBERS" id="C3F959C4-3A54-6A7A-9B66-6FD361F4C292">
         <createdBy>smharper</createdBy>
         <createdTime>2011-01-07 13:02:56 UTC</createdTime>
         <changedBy>smharper</changedBy>
         <changedTime>2011-01-07 13:02:56 UTC</changedTime>
         <ownerDesignName>OE</ownerDesignName>
      </Attribute>
      <Attribute class="oracle.dbtools.crest.model.design.storage.oracle.v10g.TypeElementProxyOraclev10g" name="CUST_FIRST_NAME" id="E0DB5F44-65F2-16DC-0586-5E123861BA9E">
         <createdBy>smharper</createdBy>
         <createdTime>2011-01-07 13:02:56 UTC</createdTime>
         <changedBy>smharper</changedBy>
         <changedTime>2011-01-07 13:02:56 UTC</changedTime>
         <ownerDesignName>OE</ownerDesignName>
      </Attribute>
      <Attribute class="oracle.dbtools.crest.model.design.storage.oracle.v10g.TypeElementProxyOraclev10g" name="CUST_ORDERS" id="F5355BBF-7539-CCC2-C0A8-CEB81B02D8FB">
         <createdBy>smharper</createdBy>
         <createdTime>2011-01-07 13:02:56 UTC</createdTime>
         <changedBy>smharper</changedBy>
         <changedTime>2011-01-07 13:02:56 UTC</changedTime>
         <ownerDesignName>OE</ownerDesignName>
      </Attribute>
   </attributes>
</StructuredTypeProxyOraclev10g>