<?xml version = '1.0' encoding = 'UTF-8'?>
<StructuredTypeProxyOraclev10g class="oracle.dbtools.crest.model.design.storage.oracle.v10g.StructuredTypeProxyOraclev10g" name="PURCHASEORDER_T" id="DF157475-D63C-E86D-571D-6CF0DF9FDB3A" directorySegmentName="seg_0">
   <createdBy>smharper</createdBy>
   <createdTime>2011-01-07 13:02:56 UTC</createdTime>
   <changedBy>smharper</changedBy>
   <changedTime>2011-01-07 13:02:56 UTC</changedTime>
   <ownerDesignName>OE</ownerDesignName>
   <attributes>
      <Attribute class="oracle.dbtools.crest.model.design.storage.oracle.v10g.TypeElementProxyOraclev10g" name="SHIPPING_INSTRUCTIONS" id="07AF5CE9-63AC-8784-2855-D510FB440C1C">
         <createdBy>smharper</createdBy>
         <createdTime>2011-01-07 13:02:56 UTC</createdTime>
         <changedBy>smharper</changedBy>
         <changedTime>2011-01-07 13:02:56 UTC</changedTime>
         <ownerDesignName>OE</ownerDesignName>
      </Attribute>
      <Attribute class="oracle.dbtools.crest.model.design.storage.oracle.v10g.TypeElementProxyOraclev10g" name="LINEITEMS" id="0A080B6B-751A-CC5B-8071-C22C758B0E06">
         <createdBy>smharper</createdBy>
         <createdTime>2011-01-07 13:02:56 UTC</createdTime>
         <changedBy>smharper</changedBy>
         <changedTime>2011-01-07 13:02:56 UTC</changedTime>
         <ownerDesignName>OE</ownerDesignName>
      </Attribute>
      <Attribute class="oracle.dbtools.crest.model.design.storage.oracle.v10g.TypeElementProxyOraclev10g" name="REFERENCE" id="45192B9D-F265-E37A-58EA-5D16225B95F4">
         <createdBy>smharper</createdBy>
         <createdTime>2011-01-07 13:02:56 UTC</createdTime>
         <changedBy>smharper</changedBy>
         <changedTime>2011-01-07 13:02:56 UTC</changedTime>
         <ownerDesignName>OE</ownerDesignName>
      </Attribute>
      <Attribute class="oracle.dbtools.crest.model.design.storage.oracle.v10g.TypeElementProxyOraclev10g" name="REJECTION" id="494204EA-FA63-AD65-5021-8DE6FB9C9D74">
         <createdBy>smharper</createdBy>
         <createdTime>2011-01-07 13:02:56 UTC</createdTime>
         <changedBy>smharper</changedBy>
         <changedTime>2011-01-07 13:02:56 UTC</changedTime>
         <ownerDesignName>OE</ownerDesignName>
      </Attribute>
      <Attribute class="oracle.dbtools.crest.model.design.storage.oracle.v10g.TypeElementProxyOraclev10g" name="SYS_XDBPD$" id="4F93A6AB-4416-1C80-DC54-65261FA444E9">
         <createdBy>smharper</createdBy>
         <createdTime>2011-01-07 13:02:56 UTC</createdTime>
         <changedBy>smharper</changedBy>
         <changedTime>2011-01-07 13:02:56 UTC</changedTime>
         <ownerDesignName>OE</ownerDesignName>
      </Attribute>
      <Attribute class="oracle.dbtools.crest.model.design.storage.oracle.v10g.TypeElementProxyOraclev10g" name="REQUESTOR" id="4FDFE9A0-F7BF-F274-DB69-0DADA7DE31A1">
         <createdBy>smharper</createdBy>
         <createdTime>2011-01-07 13:02:56 UTC</createdTime>
         <changedBy>smharper</changedBy>
         <changedTime>2011-01-07 13:02:56 UTC</changedTime>
         <ownerDesignName>OE</ownerDesignName>
      </Attribute>
      <Attribute class="oracle.dbtools.crest.model.design.storage.oracle.v10g.TypeElementProxyOraclev10g" name="USERID" id="57E74317-4F56-408B-584B-724EECE9740E">
         <createdBy>smharper</createdBy>
         <createdTime>2011-01-07 13:02:56 UTC</createdTime>
         <changedBy>smharper</changedBy>
         <changedTime>2011-01-07 13:02:56 UTC</changedTime>
         <ownerDesignName>OE</ownerDesignName>
      </Attribute>
      <Attribute class="oracle.dbtools.crest.model.design.storage.oracle.v10g.TypeElementProxyOraclev10g" name="SPECIAL_INSTRUCTIONS" id="906E5546-90FB-7851-C0F3-114E06CD8176">
         <createdBy>smharper</createdBy>
         <createdTime>2011-01-07 13:02:56 UTC</createdTime>
         <changedBy>smharper</changedBy>
         <changedTime>2011-01-07 13:02:56 UTC</changedTime>
         <ownerDesignName>OE</ownerDesignName>
      </Attribute>
      <Attribute class="oracle.dbtools.crest.model.design.storage.oracle.v10g.TypeElementProxyOraclev10g" name="ACTIONS" id="9BE12DBC-D691-C98E-3778-EF862EE34163">
         <createdBy>smharper</createdBy>
         <createdTime>2011-01-07 13:02:56 UTC</createdTime>
         <changedBy>smharper</changedBy>
         <changedTime>2011-01-07 13:02:56 UTC</changedTime>
         <ownerDesignName>OE</ownerDesignName>
      </Attribute>
      <Attribute class="oracle.dbtools.crest.model.design.storage.oracle.v10g.TypeElementProxyOraclev10g" name="COST_CENTER" id="E132B8F8-0AB1-4963-27BD-9A636D677372">
         <createdBy>smharper</createdBy>
         <createdTime>2011-01-07 13:02:56 UTC</createdTime>
         <changedBy>smharper</changedBy>
         <changedTime>2011-01-07 13:02:56 UTC</changedTime>
         <ownerDesignName>OE</ownerDesignName>
      </Attribute>
   </attributes>
</StructuredTypeProxyOraclev10g>