<?xml version = '1.0' encoding = 'UTF-8'?>
<StructuredTypeProxyOraclev10g class="oracle.dbtools.crest.model.design.storage.oracle.v10g.StructuredTypeProxyOraclev10g" name="COMPOSITE_CATEGORY_TYP" id="ECB7CC80-675D-B36A-24C6-9A10E92E186F" directorySegmentName="seg_0">
   <createdBy>smharper</createdBy>
   <createdTime>2011-01-07 13:02:56 UTC</createdTime>
   <changedBy>smharper</changedBy>
   <changedTime>2011-01-07 13:02:56 UTC</changedTime>
   <ownerDesignName>OE</ownerDesignName>
   <attributes>
      <Attribute class="oracle.dbtools.crest.model.design.storage.oracle.v10g.TypeElementProxyOraclev10g" name="SUBCATEGORY_REF_LIST" id="2DEC4B0D-BA5D-69C7-7FC8-E3A591E05A5B">
         <createdBy>smharper</createdBy>
         <createdTime>2011-01-07 13:02:56 UTC</createdTime>
         <changedBy>smharper</changedBy>
         <changedTime>2011-01-07 13:02:56 UTC</changedTime>
         <ownerDesignName>OE</ownerDesignName>
      </Attribute>
   </attributes>
   <methods>
      <Method class="oracle.dbtools.crest.model.design.storage.oracle.v10g.MethodProxyOraclev10g" name="CATEGORY_DESCRIBE" id="2990DDB3-BA3B-DBEA-1334-464F19C2E74A">
         <createdBy>smharper</createdBy>
         <createdTime>2011-01-07 13:02:56 UTC</createdTime>
         <changedBy>smharper</changedBy>
         <changedTime>2011-01-07 13:02:56 UTC</changedTime>
         <ownerDesignName>OE</ownerDesignName>
         <bodyChanged>false</bodyChanged>
         <plSQLBody>BEGIN&amp;lt;br&amp;gt;      RETURN &amp;apos;composite_category_typ&amp;apos;;&amp;lt;br&amp;gt;    END;&amp;lt;br&amp;gt;   </plSQLBody>
      </Method>
   </methods>
</StructuredTypeProxyOraclev10g>