<?xml version = '1.0' encoding = 'UTF-8'?>
<StructuredTypeProxyOraclev10g class="oracle.dbtools.crest.model.design.storage.oracle.v10g.StructuredTypeProxyOraclev10g" name="XMLTYPE" id="F211AAAA-4D0C-0580-729F-32CBBABE85F2" directorySegmentName="seg_0">
   <createdBy>smharper</createdBy>
   <createdTime>2011-01-07 13:06:03 UTC</createdTime>
   <changedBy>smharper</changedBy>
   <changedTime>2011-01-07 13:06:03 UTC</changedTime>
   <ownerDesignName>OE</ownerDesignName>
</StructuredTypeProxyOraclev10g>