<?xml version = '1.0' encoding = 'UTF-8'?>
<Diagram class="oracle.dbtools.crest.swingui.datatypes.DPVDataTypesSubView" name="DataTypes" id="6AF01EF1-C195-4CF4-955B-0E3096ECAAF1">
   <createdBy>Administrator</createdBy>
   <createdTime>2009-06-20 10:59:53 UTC</createdTime>
   <changedBy>Administrator</changedBy>
   <changedTime>2009-06-20 11:40:50 UTC</changedTime>
   <autoRoute>true</autoRoute>
   <boxInbox>false</boxInbox>
   <showLegend>false</showLegend>
   <showLabels>false</showLabels>
   <showGrid>false</showGrid>
   <diagramColor>-1</diagramColor>
   <display>false</display>
   <notation>1</notation>
</Diagram>