<?xml version = '1.0' encoding = 'UTF-8'?>
<Diagram class="oracle.dbtools.crest.swingui.logical.DPVLogical" name="Logical" id="94B2C577-B66A-8C76-D0B5-80523F55E16D">
   <createdBy>Administrator</createdBy>
   <createdTime>2009-06-20 11:25:37 UTC</createdTime>
   <changedBy>Administrator</changedBy>
   <changedTime>2009-06-20 11:25:51 UTC</changedTime>
   <autoRoute>true</autoRoute>
   <boxInbox>false</boxInbox>
   <showLegend>false</showLegend>
   <showLabels>false</showLabels>
   <showGrid>false</showGrid>
   <diagramColor>-1</diagramColor>
   <display>false</display>
   <notation>1</notation>
</Diagram>