<?xml version = '1.0' encoding = 'UTF-8'?>
<CollectionType class="oracle.dbtools.crest.model.design.datatypes.CollectionType" name="ACTION_V" id="68140FBF-D1B6-FB1E-5B3F-7C93B5FD7AF4" directorySegmentName="seg_0">
   <createdBy>Administrator</createdBy>
   <createdTime>2008-11-20 16:11:34 UTC</createdTime>
   <changedBy>smharper</changedBy>
   <changedTime>2008-11-20 16:11:34 UTC</changedTime>
   <ownerDesignName>OE</ownerDesignName>
   <predefined>false</predefined>
   <dataTypeDescr class="oracle.dbtools.crest.model.design.datatypes.CollectionType$DataTypeWrapper">
      <type>DOM3000004</type>
      <isreference>false</isreference>
   </dataTypeDescr>
   <maxElement>4</maxElement>
   <type>ARRAY</type>
</CollectionType>