<?xml version = '1.0' encoding = 'UTF-8'?>
<CollectionType class="oracle.dbtools.crest.model.design.datatypes.CollectionType" name="ORDER_ITEM_LIST_TYP" id="B9EE7CD5-4752-FB22-EC60-3FB68FE23B2F" directorySegmentName="seg_0">
   <createdBy>Administrator</createdBy>
   <createdTime>2008-11-20 16:11:34 UTC</createdTime>
   <changedBy>smharper</changedBy>
   <changedTime>2008-11-20 16:11:34 UTC</changedTime>
   <ownerDesignName>OE</ownerDesignName>
   <predefined>false</predefined>
   <dataTypeDescr class="oracle.dbtools.crest.model.design.datatypes.CollectionType$DataTypeWrapper">
      <type>DOM3000004</type>
      <isreference>false</isreference>
   </dataTypeDescr>
   <maxElement>1</maxElement>
   <type>COLLECTION</type>
</CollectionType>