<?xml version = '1.0' encoding = 'UTF-8'?>
<relationalModel class="oracle.dbtools.crest.model.design.relational.RelationalDesign" name="OE Relational Model" id="D1800CBB-9A7B-6127-AF51-2394CB8AF1DA" mainViewID="A0689665-21BA-BF29-9BD6-9C35C5940330">
   <createdBy>smharper</createdBy>
   <createdTime>2011-01-06 19:14:47 UTC</createdTime>
   <changedBy>smharper</changedBy>
   <changedTime>2011-01-06 19:14:47 UTC</changedTime>
   <ownerDesignName>OE</ownerDesignName>
   <shouldBeOpen>true</shouldBeOpen>
   <selectedRDBMSSite>32076570-2523-435C-2E92-BF29817DFF70</selectedRDBMSSite>
</relationalModel>