<?xml version = '1.0' encoding = 'UTF-8'?>
<Diagram class="oracle.dbtools.crest.swingui.relational.DPVRelational" name="OE Relational Model" id="A0689665-21BA-BF29-9BD6-9C35C5940330">
   <createdBy>Administrator</createdBy>
   <createdTime>2009-06-20 11:25:56 UTC</createdTime>
   <changedBy>smharper</changedBy>
   <changedTime>2011-01-07 13:02:19 UTC</changedTime>
   <autoRoute>false</autoRoute>
   <boxInbox>false</boxInbox>
   <showLegend>true</showLegend>
   <showLabels>false</showLabels>
   <showGrid>false</showGrid>
   <diagramColor>-1</diagramColor>
   <legendPosY>20</legendPosY>
   <display>false</display>
   <notation>1</notation>
   <objectViews>
      <OView class="oracle.dbtools.crest.swingui.relational.TVView" oid="02951D5A-58BC-36FD-39B8-E8172173CF97" otype="View" vid="208F65B1-59E6-5358-660D-A3247FD93D3D">
         <bounds x="629" y="1939" width="196" height="81"/>
      </OView>
      <OView class="oracle.dbtools.crest.swingui.relational.TVView" oid="2C9752EA-1F9A-DD7B-E42C-58B8FAECF64A" otype="View" vid="F6E8B21C-02F7-675F-C394-EACFC1A71EA4">
         <bounds x="336" y="1688" width="350" height="193"/>
      </OView>
      <OView class="oracle.dbtools.crest.swingui.relational.TVTable" oid="3971E065-E62E-67CC-CCFF-C894132F1D64" otype="Table" vid="B846CCFC-D4F0-2532-0B07-515ABDFA63B5">
         <bounds x="235" y="20" width="349" height="113"/>
      </OView>
      <OView class="oracle.dbtools.crest.swingui.relational.TVTable" oid="3CB96374-0EA4-A360-3C30-EB8415AFC2CE" otype="Table" vid="8D128694-FCDF-C5BC-595B-F6BDB722D9B1">
         <bounds x="235" y="163" width="349" height="228"/>
      </OView>
      <OView class="oracle.dbtools.crest.swingui.relational.TVTable" oid="401325D6-D30A-4241-B81D-AF54654F75DC" otype="Table" vid="14154C7B-D245-86FE-EA8A-AC50DE17F9E1">
         <bounds x="20" y="464" width="349" height="167"/>
      </OView>
      <OView class="oracle.dbtools.crest.swingui.relational.TVView" oid="59C396BF-C187-CD6C-64B9-94A7EA8B6A27" otype="View" vid="48D40AD6-6B30-F31C-9C96-62685730F99C">
         <bounds x="905" y="2213" width="222" height="95"/>
      </OView>
      <OView class="oracle.dbtools.crest.swingui.relational.TVView" oid="64E9C22A-4F8C-B9E4-2455-55D8B3D2CC7E" otype="View" vid="AACEC460-F6E8-1D5D-C3C0-163342FEEF84">
         <bounds x="20" y="1688" width="266" height="375"/>
      </OView>
      <OView class="oracle.dbtools.crest.swingui.relational.TVView" oid="65451E80-EA87-373B-9BDD-CE745D9300BF" otype="View" vid="0EBDD018-BD02-BBF5-E875-1E434279913C">
         <bounds x="20" y="2213" width="252" height="165"/>
      </OView>
      <OView class="oracle.dbtools.crest.swingui.TVNote" oid="75084721-E07C-7C62-1A48-BE6BF9EB9992" otype="Note" vid="48F9EEBC-C70C-B0CD-F2D8-D0CD71491847">
         <bounds x="666" y="229" width="215" height="82"/>
      </OView>
      <OView class="oracle.dbtools.crest.swingui.relational.TVTable" oid="7817B1D3-0C65-D6F7-A5AC-36C81B75B97E" otype="Table" vid="6A370109-2A7A-77C1-3EEF-2E30FC27FCD9">
         <bounds x="20" y="936" width="349" height="345"/>
      </OView>
      <OView class="oracle.dbtools.crest.swingui.relational.TVView" oid="8023755B-D539-3A80-BB4F-5FCECDED1194" otype="View" vid="C554034C-A0CD-7326-2582-68CD8CE6642E">
         <bounds x="582" y="2213" width="273" height="123"/>
      </OView>
      <OView class="oracle.dbtools.crest.swingui.relational.TVView" oid="81687C7A-4678-3988-0E40-B1B082247AE9" otype="View" vid="BFF2C913-1D85-8855-BF5B-D3CB496883A6">
         <bounds x="339" y="1940" width="252" height="67"/>
      </OView>
      <OView class="oracle.dbtools.crest.swingui.relational.TVTable" oid="92ECBBC6-6434-00D1-ACB1-F8349E1D6089" otype="Table" vid="A76AFDAD-DD6C-74AB-DBC6-7FA2D034DBE2">
         <bounds x="370" y="1425" width="251" height="71"/>
      </OView>
      <OView class="oracle.dbtools.crest.swingui.relational.TVTable" oid="A70EC580-C328-E52D-CA16-FDB8D77BA7D7" otype="Table" vid="7738DFDD-F89B-4EE9-27EA-6EF42DFB178B">
         <bounds x="20" y="679" width="349" height="212"/>
      </OView>
      <OView class="oracle.dbtools.crest.swingui.relational.TVTable" oid="A813CABD-6658-B542-73D6-7E4C1F9D5023" otype="Table" vid="EFD30017-89A2-484B-1EF8-510A32638C44">
         <bounds x="671" y="1425" width="168" height="57"/>
      </OView>
      <OView class="oracle.dbtools.crest.swingui.relational.TVTable" oid="C8DDA4E5-0F93-A80F-9BA5-A7E9D80E5FB1" otype="Table" vid="1847BB73-7049-FF00-55BE-97FB8D49C8E1">
         <bounds x="674" y="20" width="349" height="141"/>
      </OView>
      <OView class="oracle.dbtools.crest.swingui.relational.TVView" oid="CCFB3D9A-1061-316D-B68C-CE9141D78C58" otype="View" vid="BC8A9185-2812-81AF-78DC-DD6E8AE8FD2A">
         <bounds x="27" y="2116" width="234" height="39"/>
      </OView>
      <OView class="oracle.dbtools.crest.swingui.relational.TVTable" oid="D046E9BC-9C65-18F3-4E8C-2DE1A9BEAB47" otype="Table" vid="8EB9A426-2C78-AD6C-B8B4-808F98366ABB">
         <bounds x="20" y="1425" width="300" height="113"/>
      </OView>
      <OView class="oracle.dbtools.crest.swingui.relational.TVView" oid="D0A2B2D7-486B-3EFA-AB9B-63FBAB6308D8" otype="View" vid="C018643A-4D37-ACFB-4715-FF410B7EB521">
         <bounds x="736" y="1688" width="392" height="193"/>
      </OView>
      <OView class="oracle.dbtools.crest.swingui.relational.TVView" oid="D7379D87-AD88-F104-00FE-A315805E486F" otype="View" vid="3C4C5E1B-BA69-CC87-E5FB-F48AE1CC1820">
         <bounds x="337" y="2059" width="252" height="67"/>
      </OView>
      <OView class="oracle.dbtools.crest.swingui.relational.TVView" oid="DF0114EA-9DE0-7809-1F69-C3C37A9675F3" otype="View" vid="C1A9978D-1021-034F-3F3D-169B82959EE3">
         <bounds x="618" y="2059" width="238" height="67"/>
      </OView>
      <OView class="oracle.dbtools.crest.swingui.relational.TVView" oid="EA2BA9A5-831B-C04C-FCC6-B68E87B8E1BD" otype="View" vid="75A6AC13-8E21-4D34-EFCB-1FFF0F58528D">
         <bounds x="322" y="2213" width="210" height="137"/>
      </OView>
      <OView class="oracle.dbtools.crest.swingui.relational.TVView" oid="F817D4CD-97FA-2ABD-E84E-C725FAEDDFF5" otype="View" vid="249FBE74-A566-9A24-6B51-87D3C50E75B6">
         <bounds x="886" y="2058" width="252" height="67"/>
      </OView>
      <OView class="oracle.dbtools.crest.swingui.relational.TVTable" oid="F8CE6256-7AF5-7A05-2621-54E0C1F68382" otype="Table" vid="F608C0DA-2C17-7A0C-F739-4C91AFC5D28F">
         <bounds x="449" y="464" width="349" height="127"/>
      </OView>
   </objectViews>
   <connectors>
      <Connector class="oracle.dbtools.crest.swingui.relational.TVFKRelation" oid="14334A30-FCE2-2859-86A9-DE9A3BC9BD19" otype="FKIndexAssociation" vid_source="7738DFDD-F89B-4EE9-27EA-6EF42DFB178B" vid_target="14154C7B-D245-86FE-EA8A-AC50DE17F9E1">
         <lineWidth>1</lineWidth>
         <points>
            <point x="194" y="679"/>
            <point x="187" y="677"/>
            <point x="187" y="677"/>
            <point x="194" y="464"/>
         </points>
      </Connector>
      <Connector class="oracle.dbtools.crest.swingui.relational.TVFKRelation" oid="15DC9EF1-C467-AD4E-E645-23B0E8DFF52A" otype="FKIndexAssociation" vid_source="1847BB73-7049-FF00-55BE-97FB8D49C8E1" vid_target="B846CCFC-D4F0-2532-0B07-515ABDFA63B5">
         <lineWidth>1</lineWidth>
         <points>
            <point x="674" y="76"/>
            <point x="584" y="76"/>
         </points>
      </Connector>
      <Connector class="oracle.dbtools.crest.swingui.relational.TVFKRelation" oid="2827F084-E7D2-4036-3797-010255A11868" otype="FKIndexAssociation" vid_source="6A370109-2A7A-77C1-3EEF-2E30FC27FCD9" vid_target="7738DFDD-F89B-4EE9-27EA-6EF42DFB178B">
         <lineWidth>1</lineWidth>
         <points>
            <point x="194" y="936"/>
            <point x="193" y="911"/>
            <point x="189" y="891"/>
         </points>
      </Connector>
      <Connector class="oracle.dbtools.crest.swingui.relational.TVFKRelation" oid="453C89CE-584D-36BD-FABB-8646C66944F6" otype="FKIndexAssociation" vid_source="8D128694-FCDF-C5BC-595B-F6BDB722D9B1" vid_target="14154C7B-D245-86FE-EA8A-AC50DE17F9E1">
         <lineWidth>1</lineWidth>
         <points>
            <point x="409" y="163"/>
            <point x="406" y="426"/>
            <point x="191" y="426"/>
            <point x="194" y="464"/>
         </points>
      </Connector>
      <Connector class="oracle.dbtools.crest.swingui.relational.TVFKRelation" oid="9E8D8D83-2144-C166-E9E8-716BC4748270" otype="FKIndexAssociation" vid_source="8D128694-FCDF-C5BC-595B-F6BDB722D9B1" vid_target="B846CCFC-D4F0-2532-0B07-515ABDFA63B5">
         <lineWidth>1</lineWidth>
         <points>
            <point x="409" y="163"/>
            <point x="430" y="191"/>
            <point x="430" y="191"/>
            <point x="409" y="20"/>
         </points>
      </Connector>
      <Connector class="oracle.dbtools.crest.swingui.relational.TVFKRelation" oid="A456E521-562E-8042-CC0E-0CB62624702A" otype="FKIndexAssociation" vid_source="8D128694-FCDF-C5BC-595B-F6BDB722D9B1" vid_target="F608C0DA-2C17-7A0C-F739-4C91AFC5D28F">
         <lineWidth>1</lineWidth>
         <points>
            <point x="409" y="163"/>
            <point x="416" y="427"/>
            <point x="630" y="427"/>
            <point x="623" y="464"/>
         </points>
      </Connector>
      <Connector class="oracle.dbtools.crest.swingui.TVTypeSubstitution" oid="ED5D3CAC-D181-45F7-6EB6-C553823E63AE" otype="TypeSubstitution" vid_source="0EBDD018-BD02-BBF5-E875-1E434279913C" vid_target="BC8A9185-2812-81AF-78DC-DD6E8AE8FD2A">
         <lineWidth>1</lineWidth>
         <points>
            <point x="146" y="2213"/>
            <point x="161" y="2211"/>
            <point x="161" y="2170"/>
            <point x="144" y="2116"/>
         </points>
      </Connector>
   </connectors>
</Diagram>